<favourites>
	<favourite name="Películas - 4K" thumb="special://home/addons/skin.arctic.horizon/media/Default4K.png">ActivateWindow(10025,&quot;plugin://plugin.googledrive/?action=_open_export&amp;content_type=video&amp;driveid=0ALgtV4tBi4VhUk9PVA&amp;item_driveid=0ALgtV4tBi4VhUk9PVA&amp;item_id=1DWDLFNRSDMEIdg1e6OQ82R3dpicalBZH&amp;name=4K&amp;sf_options=meta%3Dlabel%253D4K%26_options_sf&quot;,return)</favourite>
	<favourite name="Películas - HD" thumb="special://home/addons/skin.arctic.horizon/media/DefaultHD.png">ActivateWindow(10025,&quot;plugin://plugin.googledrive/?action=_open_export&amp;content_type=video&amp;driveid=0AFe5_E4eOTvVUk9PVA&amp;item_driveid=0AFe5_E4eOTvVUk9PVA&amp;item_id=1TXCdaGienYk7zyNsglchGPb5KUFiim1T&amp;name=HD&amp;sf_options=meta%3Dlabel%253DHD%26_options_sf&quot;,return)</favourite>
	<favourite name="Películas - SD" thumb="special://home/addons/skin.arctic.horizon/media/DefaultSD.png">ActivateWindow(10025,&quot;plugin://plugin.googledrive/?action=_open_export&amp;content_type=video&amp;driveid=0AEF1PbRWjd_oUk9PVA&amp;item_driveid=0AEF1PbRWjd_oUk9PVA&amp;item_id=1yGGzKBkjW3vJDcwTXGhKVXvtBOmySqz_&amp;name=SD&amp;sf_options=meta%3Dlabel%253DSD%26_options_sf&quot;,return)</favourite>
	<favourite name="Series - 4K" thumb="special://home/addons/skin.arctic.horizon/media/Default4K.png">ActivateWindow(10025,&quot;plugin://plugin.googledrive/?action=_open_export&amp;content_type=video&amp;driveid=0AHupvVk-IRpdUk9PVA&amp;item_driveid=0AHupvVk-IRpdUk9PVA&amp;item_id=1FjwyvsubyEeMmGnB_X6rG1HR0aQQSbpx&amp;name=4K&amp;sf_options=meta%3Dlabel%253D4K%26_options_sf&quot;,return)</favourite>
	<favourite name="Series - HD" thumb="special://home/addons/skin.arctic.horizon/media/DefaultHD.png">ActivateWindow(10025,&quot;plugin://plugin.googledrive/?action=_open_export&amp;content_type=video&amp;driveid=0AFgDJgA26HmiUk9PVA&amp;item_driveid=0AFgDJgA26HmiUk9PVA&amp;item_id=1ZVylR2CDVvM4jPaH5ohBcDJUv82feWTh&amp;name=HD&amp;sf_options=meta%3Dlabel%253DHD%26_options_sf&quot;,return)</favourite>
	<favourite name="Series - SD" thumb="special://home/addons/skin.arctic.horizon/media/DefaultSD.png">ActivateWindow(10025,&quot;plugin://plugin.googledrive/?action=_open_export&amp;content_type=video&amp;driveid=0AC5n4lTQR1QFUk9PVA&amp;item_driveid=0AC5n4lTQR1QFUk9PVA&amp;item_id=1vhxG7Wn6gqXrIccaPv2n53lX6yynXn2R&amp;name=SD&amp;sf_options=meta%3Dlabel%253DSD%26_options_sf&quot;,return)</favourite>
</favourites>