<sources>
    <programs>
        <default pathversion="1"></default>
    </programs>
    <video>
        <default pathversion="1"></default>
    </video>
    <music>
        <default pathversion="1"></default>
    </music>
    <pictures>
        <default pathversion="1"></default>
    </pictures>
    <files>
        <default pathversion="1"></default>
        <source>
            <name>KodiLeia</name>
            <path pathversion="1">http://kodileia.xyz/</path>
            <allowsharing>true</allowsharing>
        </source>
        <source>
            <name>kodiadictos</name>
            <path pathversion="1">https://kodiadictos.github.io/fuente/</path>
            <allowsharing>true</allowsharing>
        </source>
        <source>
            <name>FuenteLeia</name>
            <path pathversion="1">https://fuentekodileia.github.io/</path>
            <allowsharing>true</allowsharing>
        </source>
        <source>
            <name>Fuente STVA</name>
            <path pathversion="1">https://stvabuild.github.io/</path>
            <allowsharing>true</allowsharing>
        </source>
        <source>
            <name>canalnereo</name>
            <path pathversion="1">http://canalnereo.com/canalnereo/</path>
            <allowsharing>true</allowsharing>
        </source>
        <source>
            <name>home</name>
            <path pathversion="1">special://home</path>
            <allowsharing>true</allowsharing>
        </source>
    </files>
    <games>
        <default pathversion="1"></default>
    </games>
</sources>
