<?xml version="1.0" encoding="UTF-8" standalone="yes"?>
<addons>
<addon id="plugin.program.iarl" name="Internet Archive ROM Launcher" version="092115" provider-name="Zach Morris">
  <requires>
    <import addon="xbmc.python" version="2.14.0"/>
    <import addon="script.module.xbmcswift2" version="2.4.0"/>
  </requires>
  <extension point="xbmc.python.pluginsource" library="addon.py">
    <provides>game</provides>
  </extension>
  <extension point="xbmc.addon.metadata">
    <platform>all</platform>
    <language></language>
    <summary>Internet Archive ROM Launcher</summary>
    <description>IARL will download ROMs from the Internet Archive and launch them with Kodi</description>
  </extension>
</addon>

<addon id="repository.zachmorris" name="Zach Morris Add-ons" version="1.0.0" provider-name="zachmorris">
    <extension point="xbmc.addon.repository" name="Zach Morris Add-ons">
        <info compressed="true">https://github.com/zach-morris/repository.zachmorris/raw/master/addons.xml</info>
        <checksum>https://github.com/zach-morris/repository.zachmorris/raw/master/addons.xml.md5</checksum>
        <datadir zip="true">https://raw.githubusercontent.com/zach-morris/repository.zachmorris/master/</datadir>
    </extension>
    <extension point="xbmc.addon.metadata">
        <summary>Zach Morris Add-ons</summary>
        <platform>all</platform>
    </extension>
</addon>
</addons>
