<?xml version="1.0" encoding="UTF-8" standalone="yes"?>
<addon id="plugin.program.neoxwizard" name="[COLOR teal]Neo[/COLOR] [COLOR purple]Wizard[/COLOR]" version="2.3.9" provider-name="[COLOR teal]Neo[/COLOR] [COLOR purple]Trece[/COLOR]">
  <requires>
    <import addon="xbmc.python" version="2.1.0"/>
  </requires>
  <extension point="xbmc.python.pluginsource" library="default.py">
		<provides>executable</provides>
  </extension>
  <extension point="xbmc.service" library="startup.py" start="startup"/>
  <extension point="xbmc.addon.metadata">
    <summary lang="en">Neo Wizard</summary>
    <description lang="en">Kodi Builds by Neo Trece.</description>
    <summary lang="es_ES">Neo Wizard</summary>
    <description lang="es_ES">Instalador de builds para Kodi.</description>
    <platform>all</platform>
  </extension>
</addon>
