<shortcuts>
	<shortcut>
		<label>22020</label>
		<label2>32017</label2>
		<icon>DefaultTVShows.png</icon>
		<thumb />
		<action>ActivateWindow(TVGuide)</action>
		<version>14</version>
	</shortcut>
	<shortcut>
		<label>19163</label>
		<label2>32017</label2>
		<icon>DefaultTVShows.png</icon>
		<thumb />
		<action>ActivateWindowAndFocus(MyPVR,34,0 ,13,0)</action>
		<version>13</version>
	</shortcut>
	<shortcut>
		<label>19163</label>
		<label2>32017</label2>
		<icon>DefaultTVShows.png</icon>
		<thumb />
		<action>ActivateWindow(TVRecordings)</action>
		<version>14</version>
	</shortcut>
	<shortcut>
		<label>32023</label>
		<label2>32017</label2>
		<icon>DefaultTVShows.png</icon>
		<thumb />
		<action>ActivateWindowAndFocus(MyPVR,35,0 ,14,0)</action>
		<version>13</version>
	</shortcut>
	<shortcut>
		<label>19040</label>
		<label2>32017</label2>
		<icon>DefaultTVShows.png</icon>
		<thumb />
		<action>ActivateWindow(TVTimers)</action>
		<version>14</version>
	</shortcut>
	<shortcut>
		<label>137</label>
		<label2>32017</label2>
		<icon>DefaultTVShows.png</icon>
		<thumb />
		<action>ActivateWindow(TVSearch)</action>
		<version>14</version>
	</shortcut>
</shortcuts>
