<?xml version='1.0' encoding='UTF-8'?>
<shortcuts>
	<shortcut>
		<defaultID>1036</defaultID>
		<label>1036</label>
		<label2>Common menu item</label2>
		<icon>special://skin/extras/icons/favourites.png</icon>
		<thumb />
		<action>ActivateWindow(Favourites)</action>
	</shortcut>
	<shortcut>
		<defaultID>videos</defaultID>
		<label>3</label>
		<label2>Common Shortcut</label2>
		<icon>special://skin/extras/icons/video-addons.png</icon>
		<thumb />
		<action>ActivateWindow(Videos,VideoLibrary)</action>
	</shortcut>
	<shortcut>
		<defaultID>movies</defaultID>
		<label>20342</label>
		<label2>Hub 1101</label2>
		<icon>special://skin/extras/icons/film.png</icon>
		<thumb />
		<action>ActivateWindow(1101)</action>
	</shortcut>
	<shortcut>
		<defaultID>tvshows</defaultID>
		<label>20343</label>
		<label2>Hub 1102</label2>
		<icon>special://skin/extras/icons/tv.png</icon>
		<thumb />
		<action>ActivateWindow(1102)</action>
	</shortcut>
	<shortcut>
		<defaultID>plugin.program.super.favourites</defaultID>
		<label>TodoEnUno</label>
		<label2>Ítem Personalizado</label2>
		<icon>DefaultShortcut.png</icon>
		<thumb>special://skin/extras/icons/kodi.png</thumb>
		<action>ActivateWindow(1103)</action>
	</shortcut>
	<shortcut>
		<defaultID>livetv</defaultID>
		<label>32022</label>
		<label2>Ítem Personalizado</label2>
		<icon>special://skin/extras/icons/livetv.png</icon>
		<thumb />
		<action>ActivateWindow(1107)</action>
	</shortcut>
	<shortcut>
		<defaultID>script.cuervoskin</defaultID>
		<label>Cambiar Skin</label>
		<label2>Programa</label2>
		<icon>DefaultShortcut.png</icon>
		<thumb>special://skin/extras/icons/skinsettings.png</thumb>
		<action>ActivateWindow(Programs,"plugin://script.cuervoskin",return)</action>
	</shortcut>
	<shortcut>
		<defaultID>settings</defaultID>
		<label>10004</label>
		<label2>Common Shortcut</label2>
		<icon>special://skin/extras/icons/settings.png</icon>
		<thumb />
		<action>ActivateWindow(Settings)</action>
	</shortcut>
	<shortcut>
		<defaultID>power</defaultID>
		<label>33060</label>
		<label2>Common Shortcut</label2>
		<icon>special://skin/extras/icons/power.png</icon>
		<thumb />
		<action>ActivateWindow(shutdownmenu)</action>
	</shortcut>
</shortcuts>
