<favourites>
	<favourite name="Radio" thumb="special://home/addons/plugin.audio.radio_de/icon.png">ActivateWindow(10502,plugin://plugin.audio.radio_de/)</favourite>
	<favourite name="World Star Hip Hop" thumb="http://mirrors.kodi.tv/addons/leia/plugin.video.worldstarhiphop/icon.png">ActivateWindow(10502,plugin://plugin.video.worldstarhiphop/)</favourite>
	<favourite name="Noise" thumb="https://hirayasoftware.github.io/plugin.video.noise/icon.png">ActivateWindow(10502,plugin://plugin.video.noise/)</favourite>
	<favourite name="Buscar por Artista" thumb="special://home/media/music/artist.png">ActivateWindow(10502,plugin://plugin.video.noise/?mode=search&amp;search_page=1&amp;search_type=Artist)</favourite>
	<favourite name="Explorar Estilos" thumb="special://home/media/music/style.png">ActivateWindow(10502,plugin://plugin.video.noise/?mode=folder&amp;search_type=styles&amp;sort=score)</favourite>
	<favourite name="Lo más escuchado" thumb="special://home/media/music/people.png">ActivateWindow(10502,plugin://plugin.video.noise/?mode=people&amp;page=1)</favourite>
	<favourite name="Rap" thumb="special://home/addons/plugin.audio.radio_de/icon.png">ActivateWindow(10502,plugin://plugin.audio.radio_de/menu/genres/Rap)</favourite>
	<favourite name="R&B" thumb="special://home/addons/plugin.audio.radio_de/icon.png">ActivateWindow(10502,plugin://plugin.audio.radio_de/menu/genres/R%27n%27B)</favourite>
	<favourite name="Reggae" thumb="special://home/addons/plugin.audio.radio_de/icon.png">ActivateWindow(10025,plugin://plugin.audio.radio_de/menu/genres/Reggae)</favourite>
	<favourite name="Hits" thumb="special://home/addons/plugin.audio.radio_de/icon.png">ActivateWindow(10502,plugin://plugin.audio.radio_de/menu/genres/Hits)</favourite>
	<favourite name="Rock" thumb="special://home/addons/plugin.audio.radio_de/icon.png">ActivateWindow(10502,plugin://plugin.audio.radio_de/menu/genres/Rock)</favourite>
	<favourite name="Pop" thumb="special://home/addons/plugin.audio.radio_de/icon.png">ActivateWindow(10502,plugin://plugin.audio.radio_de/menu/genres/Pop)</favourite>
	<favourite name="Añadir música..." thumb="DefaultAddSource.png">ActivateWindow(10502,add?sf_options=meta%3Dlabel%253DA%2525C3%2525B1adir%252Bm%2525C3%2525BAsica...%26_options_sf)</favourite>
</favourites>