<favourites>
	<favourite name="[COLOR dodgerblue]Scan Repositories[/COLOR]" thumb="special://home/addons\plugin.program.mantenimientojan18\resources\art\maintenance.png">PlayMedia(&quot;plugin://plugin.program.mantenimientojan18/?mode=checkrepos&amp;sf_options=fanart%3Dspecial%3A%2F%2Fhome%2Faddons%5Cplugin.program.mantenimientojan18%5Cfanart.jpg%26meta%3Dplot%253D%25255BB%25255D%25255BCOLOR%252Bdodgerblue%25255DJansolo%25255B%25252FCOLOR%25255D%25255B%25252FB%25255D%252BWizard%2526votes%253D0%2526label%253D%25255BCOLOR%252Bdodgerblue%25255DScan%252BFor%252BBroken%252BRepositories%25255B%25252FCOLOR%25255D%2526title%253D%25255BCOLOR%252Bdodgerblue%25255DScan%252BFor%252BBroken%252BRepositories%25255B%25252FCOLOR%25255D%26winID%3D10001%26mode%3D3%26desc%3D%5BB%5D%5BCOLOR+dodgerblue%5DJansolo%5B%2FCOLOR%5D%5B%2FB%5D+Wizard%26_options_sf&quot;)</favourite>
	<favourite name="Balandro" thumb="special://home/addons\plugin.video.balandro\icon.png">ActivateWindow(10025,&quot;plugin://plugin.video.balandro/?sf_options=meta%3Dlabel%253DBalandro%26desc%3DBalandro+es+un+navegador+para+webs+con+v%C3%ADdeos+de+pel%C3%ADculas+y+series%2C+derivado+de+pelisalacarta+y+alfa.%26_options_sf&quot;,return)</favourite>
	<favourite name="Alfa" thumb="special://home/addons\plugin.video.alfa\resources\logo2.png">ActivateWindow(10025,&quot;plugin://plugin.video.alfa/?sf_options=fanart%3Dspecial%3A%2F%2Fhome%2Faddons%5Cplugin.video.alfa%5Cresources%5Cfanart1.jpg%26meta%3Dlabel%253DAlfa%26desc%3DNavega+con+Kodi+por+p%C3%A1ginas+web+para+ver+sus+videos+de+manera+f%C3%A1cil.%26_options_sf&quot;,return)</favourite>
	<favourite name="[COLOR aqua]CRISTAL AZUL[/COLOR]" thumb="special://home/addons\plugin.video.cristalazul\icon.gif">ActivateWindow(10025,&quot;plugin://plugin.video.cristalazul/?sf_options=fanart%3Dspecial%3A%2F%2Fhome%2Faddons%5Cplugin.video.cristalazul%5Cfanart.jpg%26meta%3Dlabel%253D%25255BCOLOR%252Baqua%25255DCRISTAL%252BAZUL%25255B%25252FCOLOR%25255D%26desc%3DESTE+ADDON+NO+CONTIENE+ENLACES+PROPIOS%2CSON+RECOPILACIONES+DE+LA+RED%2C+SOLO+SE+FACILITA+EL+ACESSO+A+ESAS+WEBS%2C+ESTAS+WEBS+SON+LAS+RESPONSABLES+DE+LOS+CONTENIDOS%26_options_sf&quot;,return)</favourite>
	<favourite name="[B][LOWERCASE][CAPITALIZE][COLOR white]T[COLOR aquamarine]V[COLOR yellow]C[COLOR orange]H[COLOR red]O[COLOR pink]P[COLOR fuchsia]O[/CAPITALIZE][/LOWERCASE][/B][/COLOR]" thumb="special://home/addons\plugin.video.tvchopo\icon.gif">ActivateWindow(10025,&quot;plugin://plugin.video.tvchopo/?sf_options=fanart%3Dspecial%3A%2F%2Fhome%2Faddons%5Cplugin.video.tvchopo%5Cfanart.gif%26meta%3Dlabel%253D%25255BB%25255D%25255BLOWERCASE%25255D%25255BCAPITALIZE%25255D%25255BCOLOR%252Bwhite%25255DT%25255BCOLOR%252Baquamarine%25255DV%25255BCOLOR%252Byellow%25255DC%25255BCOLOR%252Borange%25255DH%25255BCOLOR%252Bred%25255DO%25255BCOLOR%252Bpink%25255DP%25255BCOLOR%252Bfuchsia%25255DO%25255B%25252FCAPITALIZE%25255D%25255B%25252FLOWERCASE%25255D%25255B%25252FB%25255D%25255B%25252FCOLOR%25255D%26desc%3Daddon+tvchopo+no+contiene+ningun+material+propio..%0A%09%09todo+el+contenido+es+enlazado+a+las+webs+mas+conocidas%0A%09%09de+internet.....%0A%09%09%0A%09tvchopo+ni+se+vender+ni+se+cobra+ni+acepta+donaciones...+si+ha+sido+es+el+caso++ha+sido+usted+estafado%2C...para+mas+informacion+entra+en+nuestro+grupo+de+telegram+https%3A%2F%2Ft.me%2Ftvchopo%26_options_sf&quot;,return)</favourite>
	<favourite name="[COLOR gold]Palantir[/COLOR]" thumb="special://home/addons\plugin.video.palantir\icon.png">ActivateWindow(10025,&quot;plugin://plugin.video.palantir/?sf_options=fanart%3Dspecial%3A%2F%2Fhome%2Faddons%5Cplugin.video.palantir%5Cfanart.gif%26meta%3Dlabel%253D%25255BCOLOR%252Bgold%25255DPalantir%25255B%25252FCOLOR%25255D%26desc%3DVisualiza+el+contenido+de+la+nube%2C+series%2C+pel%C3%ADculas.%26_options_sf&quot;,return)</favourite>
	<favourite name="IberiKa" thumb="special://home/addons\plugin.video.IberiKa\icon.gif">ActivateWindow(10025,&quot;plugin://plugin.video.IberiKa/?sf_options=fanart%3Dspecial%3A%2F%2Fhome%2Faddons%5Cplugin.video.IberiKa%5Cfanart.gif%26meta%3Dlabel%253DIberiKa%26desc%3DTal+como+indica+la+licencia+GPL%2C+cualquier+persona+puede+hacer+el+uso+que+considere+de+mi+trabajo.+Los+servicios+y+contenidos+audiovisuales+son+ubicados+en+servidores+de+terceros+y%2Fo+transmitidos+por+terceros.+Nadie+puede+responsabilizar+a+Iberika+de+alojar+contenido+con+copyright+ya+que+nosotros+no+alojamos+ning%C3%BAn+contenido+con+derechos+de+autor.+Los+enlaces+que+figuran+en+este+addon+han+sido+encontrados+en+diferentes+webs+de+streaming+online+o+de+webs+que+alojan+listas.+No+nos+hacemos+responsables+del+uso+indebido+que+se+pueda+hacer+del+contenido+de+nuestro+addon.+No+se+admite+ninguna+compensacion+economica+o+derivados.Espero+que+sea+util%2C+un+saludo.%26_options_sf&quot;,return)</favourite>
	<favourite name="MediaExplorer" thumb="special://home/addons\plugin.video.mediaexplorer\icon.png">ActivateWindow(10025,&quot;plugin://plugin.video.mediaexplorer/?sf_options=fanart%3Dspecial%3A%2F%2Fhome%2Faddons%5Cplugin.video.mediaexplorer%5Cfanart.jpg%26meta%3Dlabel%253DMediaExplorer%26desc%3DDisfrute+de+sus+pel%C3%ADculas+y+series+favoritas+navegando+de+manera+f%C3%A1cil%2C+sencilla+y+segura+desde+su+mediacenter.%26_options_sf&quot;,return)</favourite>
	<favourite name="tvalacarta" thumb="special://home/addons\plugin.video.tvalacarta\icon.png">ActivateWindow(10025,&quot;plugin://plugin.video.tvalacarta/?sf_options=fanart%3Dspecial%3A%2F%2Fhome%2Faddons%5Cplugin.video.tvalacarta%5Cfanart.jpg%26meta%3Dlabel%253Dtvalacarta%26desc%3DPara+ver+la+televisi%C3%B3n+por+Internet%2C+a+la+carta+y+desde+tu+media+center%26_options_sf&quot;,return)</favourite>
	<favourite name="Sportowa TV" thumb="special://home/addons\plugin.video.PLsportowo\icon.png">ActivateWindow(10025,&quot;plugin://plugin.video.PLsportowo/?sf_options=fanart%3Dspecial%3A%2F%2Fhome%2Faddons%5Cplugin.video.PLsportowo%5Cfanart.jpg%26meta%3Dlabel%253DSportowa%252BTV%26desc%3DWydarzenia+sportowe%26_options_sf&quot;,return)</favourite>
	<favourite name="[COLOR red][B]Mundo Oscuro[/B][/COLOR]" thumb="special://home/addons\plugin.video.MundoOscuro\icon.png">ActivateWindow(10025,&quot;plugin://plugin.video.MundoOscuro/?sf_options=fanart%3Dspecial%3A%2F%2Fhome%2Faddons%5Cplugin.video.MundoOscuro%5Cfanart.jpg%26meta%3Dlabel%253D%25255BCOLOR%252Bred%25255D%25255BB%25255DMundo%252BOscuro%25255B%25252FB%25255D%25255B%25252FCOLOR%25255D%26desc%3DAddon+tematico+dedicado+al+Mundo+Esoterico%2C+Paranormal%2C+Misterio+y+Terror....+basado+en+Youtube...licencia+GNU+GPL...el+Addon+es+una+Colaboracion+de+Decosub+y+Mahs80%26_options_sf&quot;,return)</favourite>
	<favourite name="[COLOR gold]PEQUELANDIA[/COLOR]" thumb="special://home/addons\plugin.video.pequelandia\icon.png">ActivateWindow(10025,&quot;plugin://plugin.video.pequelandia/?sf_options=fanart%3Dspecial%3A%2F%2Fhome%2Faddons%5Cplugin.video.pequelandia%5Cfanart.jpg%26meta%3Dlabel%253D%25255BCOLOR%252Bgold%25255DPEQUELANDIA%25255B%25252FCOLOR%25255D%26desc%3DUn+addon+pensado+no+solo+en+entretener+a+los+mas+peque%C3%B1os+de+la+casa%2C+si+no+tambien+destinado+a+su+educacion%26_options_sf&quot;,return)</favourite>
	<favourite name="[B][LOWERCASE][CAPITALIZE][COLOR white]YOU[COLOR red]KIDS[/CAPITALIZE][/LOWERCASE][/B][/COLOR]" thumb="special://home/addons\plugin.video.YouKids\icon.png">ActivateWindow(10025,&quot;plugin://plugin.video.YouKids/?sf_options=fanart%3Dspecial%3A%2F%2Fhome%2Faddons%5Cplugin.video.YouKids%5Cfanart.jpg%26meta%3Dlabel%253D%25255BB%25255D%25255BLOWERCASE%25255D%25255BCAPITALIZE%25255D%25255BCOLOR%252Bwhite%25255DYOU%25255BCOLOR%252Bred%25255DKIDS%25255B%25252FCAPITALIZE%25255D%25255B%25252FLOWERCASE%25255D%25255B%25252FB%25255D%25255B%25252FCOLOR%25255D%26_options_sf&quot;,return)</favourite>
	<favourite name="[COLOR aqua]*[/COLOR][COLOR lime]FESTA[/COLOR][COLOR aqua]*[/COLOR]" thumb="special://home/addons\plugin.video.festa\icon.gif">ActivateWindow(10025,&quot;plugin://plugin.video.festa/?content_type=video&amp;sf_options=fanart%3Dspecial%3A%2F%2Fhome%2Faddons%5Cplugin.video.festa%5Cfanart.jpg%26meta%3Dlabel%253D%25255BCOLOR%252Baqua%25255D%25252A%25255B%25252FCOLOR%25255D%25255BCOLOR%252Blime%25255DFESTA%25255B%25252FCOLOR%25255D%25255BCOLOR%252Baqua%25255D%25252A%25255B%25252FCOLOR%25255D%26desc%3DMUCHOS+VIERNES+A+LAS+22%3A00H+%28HORA+PENINSULAR%29%2CSACAMOS+UNA+NUEVA+SECCION.+festa+2017%2F18+version+0.0.10+%2C+modificado+para+que+sea+tambien+un+repositorio%2CCONTEO+DE+ENTRADAS+AL+ADDON%26_options_sf&quot;,return)</favourite>
	<favourite name=" live (TVtap)" thumb="special://home/addons\script.module.TvTaplive\icon.png">ActivateWindow(10025,&quot;script.module.tt/?sf_options=meta%3Dlabel%253D%252Blive%252B%252528TVtap%252529%26desc%3DModule+for+TvTap+APK%26_options_sf&quot;,return)</favourite>
	<favourite name="Laola1.tv free" thumb="special://home/addons\plugin.video.laola1free\icon.png">ActivateWindow(10025,&quot;plugin://plugin.video.laola1free/?sf_options=fanart%3Dspecial%3A%2F%2Fhome%2Faddons%5Cplugin.video.laola1free%5Cfanart.jpg%26meta%3Dlabel%253DLaola1.tv%252Bfree%26desc%3DProvides+streams+from+laola1.tv%26_options_sf&quot;,return)</favourite>
	<favourite name="YouTube" thumb="special://home/addons\plugin.video.youtube\icon.png">ActivateWindow(10025,&quot;plugin://plugin.video.youtube/?sf_options=fanart%3Dspecial%3A%2F%2Fhome%2Faddons%5Cplugin.video.youtube%5Cfanart.jpg%26meta%3Dlabel%253DYouTube%26desc%3DYouTube+es+uno+de+los+sitios+web+para+compartir+videos+m%C3%A1s+grande+del+mundo.%26_options_sf&quot;,return)</favourite>
	<favourite name="[B][LOWERCASE][CAPITALIZE][COLOR white]TVCHOPO[COLOR fuchsia] KIDS[/CAPITALIZE][/LOWERCASE][/B][/COLOR]" thumb="special://home/addons\plugin.video.Tvchopo.Kids\icon.gif">ActivateWindow(10025,&quot;plugin://plugin.video.Tvchopo.Kids/?sf_options=fanart%3Dspecial%3A%2F%2Fhome%2Faddons%5Cplugin.video.Tvchopo.Kids%5Cfanart.gif%26meta%3Dlabel%253D%25255BB%25255D%25255BLOWERCASE%25255D%25255BCAPITALIZE%25255D%25255BCOLOR%252Bwhite%25255DTVCHOPO%25255BCOLOR%252Bfuchsia%25255D%252BKIDS%25255B%25252FCAPITALIZE%25255D%25255B%25252FLOWERCASE%25255D%25255B%25252FB%25255D%25255B%25252FCOLOR%25255D%26desc%3Daddon+Tvchopo.Kids+no+contiene+ningun+material+propio..%0A%09%09todo+el+contenido+es+enlazado+a+las+webs+mas+conocidas%0A%09%09de+internet.....%0A%09%09%0A%09tvchopo+ni+se+vender+ni+se+cobra+ni+acepta+donaciones...+si+ha+sido+es+el+caso++ha+sido+usted+estafado%2C...para+mas+informacion+entra+en+nuestro+grupo+de+telegram+https%3A%2F%2Ft.me%2Ftvchopo%26_options_sf&quot;,return)</favourite>
	<favourite name="[B][LOWERCASE][CAPITALIZE][COLOR white]Agora[/CAPITALIZE][/LOWERCASE][/B][/COLOR]" thumb="special://home/addons\plugin.video.Agora\icon.png">ActivateWindow(10025,&quot;plugin://plugin.video.Agora/?sf_options=fanart%3Dspecial%3A%2F%2Fhome%2Faddons%5Cplugin.video.Agora%5Cfanart.jpg%26meta%3Dlabel%253D%25255BB%25255D%25255BLOWERCASE%25255D%25255BCAPITALIZE%25255D%25255BCOLOR%252Bwhite%25255DAgora%25255B%25252FCAPITALIZE%25255D%25255B%25252FLOWERCASE%25255D%25255B%25252FB%25255D%25255B%25252FCOLOR%25255D%26desc%3DAddon+de+Documentales+100%25+gratuito+y+basado+en+Youtube+con+licencia+GNU+GPL.%26_options_sf&quot;,return)</favourite>
	<favourite name="[B][COLOR red]SPORTS [COLOR yellow]EXTREME[/B][/COLOR]" thumb="special://home/addons\plugin.video.sportsextreme\icon.png">ActivateWindow(10025,&quot;plugin://plugin.video.sportsextreme/?sf_options=fanart%3Dspecial%3A%2F%2Fhome%2Faddons%5Cplugin.video.sportsextreme%5Cfanart.jpg%26meta%3Dlabel%253D%25255BB%25255D%25255BCOLOR%252Bred%25255DSPORTS%252B%25255BCOLOR%252Byellow%25255DEXTREME%25255B%25252FB%25255D%25255B%25252FCOLOR%25255D%26desc%3DEsse+addon+contem+os+melhores+e+mais+famos+canais+de+esportes+radicais%2C+com+centenas+de+videos+e+playlists+%21%21%21%26_options_sf&quot;,return)</favourite>
	<favourite name="[COLOR lightblue]Dance Music[/COLOR]" thumb="special://home/addons\plugin.video.dance\icon.png">ActivateWindow(10025,&quot;plugin://plugin.video.dance/?sf_options=fanart%3Dspecial%3A%2F%2Fhome%2Faddons%5Cplugin.video.dance%5Cfanart.jpg%26meta%3Dlabel%253D%25255BCOLOR%252Blightblue%25255DDance%252BMusic%25255B%25252FCOLOR%25255D%26desc%3DGracias+Anabel+por+orientarme.%26_options_sf&quot;,return)</favourite>
	<favourite name="[COLOR lime][B]O.V.N.I  2.0[/B][/COLOR]" thumb="special://home/addons\plugin.video.ovni\icon.png">ActivateWindow(10025,&quot;plugin://plugin.video.ovni/?sf_options=fanart%3Dspecial%3A%2F%2Fhome%2Faddons%5Cplugin.video.ovni%5Cfanart.jpg%26meta%3Dlabel%253D%25255BCOLOR%252Blime%25255D%25255BB%25255DO.V.N.I%252B%252B2.0%25255B%25252FB%25255D%25255B%25252FCOLOR%25255D%26desc%3DAddon+tematico+dedicado+a+otros+mundos...+Abre+los+ojos+a+otra+realidad.+Basado+en+Youtube+con+Licencia+GNU+GPL%26_options_sf&quot;,return)</favourite>
	<favourite name="[COLOR lime]Alma[/COLOR][COLOR blue] relax [/COLOR][COLOR blue]2.0[/COLOR]" thumb="special://home/addons\plugin.video.alma\icon.png">ActivateWindow(10025,&quot;plugin://plugin.video.alma/?sf_options=fanart%3Dspecial%3A%2F%2Fhome%2Faddons%5Cplugin.video.alma%5Cfanart.jpg%26meta%3Dlabel%253D%25255BCOLOR%252Blime%25255DAlma%25255B%25252FCOLOR%25255D%25255BCOLOR%252Bblue%25255D%252Brelax%252B%25255B%25252FCOLOR%25255D%25255BCOLOR%252Bblue%25255D2.0%25255B%25252FCOLOR%25255D%26desc%3DCrecimiento+y+desarollo+personal%3A+A%C3%B1adido+nuevo+contenido+y+restructurado+el+addon+completo%26_options_sf&quot;,return)</favourite>
	<favourite name="[COLOR skyblue]Cómetelo[/COLOR]" thumb="special://home/addons\plugin.video.Cometelo\icon.png">ActivateWindow(10025,&quot;plugin://plugin.video.Cometelo/?sf_options=fanart%3Dspecial%3A%2F%2Fhome%2Faddons%5Cplugin.video.Cometelo%5Cfanart.jpg%26meta%3Dlabel%253D%25255BCOLOR%252Bskyblue%25255DC%2525C3%2525B3metelo%25255B%25252FCOLOR%25255D%26desc%3DKodi%2C+Addon+%2C+Repositorios%26_options_sf&quot;,return)</favourite>
	<favourite name="[COLOR white][B]T E S L A[/B][/COLOR]" thumb="special://home/addons\plugin.video.Tesla\icon.png">ActivateWindow(10025,&quot;plugin://plugin.video.Tesla/?sf_options=fanart%3Dspecial%3A%2F%2Fhome%2Faddons%5Cplugin.video.Tesla%5Cfanart.jpg%26meta%3Dlabel%253D%25255BCOLOR%252Bwhite%25255D%25255BB%25255DT%252BE%252BS%252BL%252BA%25255B%25252FB%25255D%25255B%25252FCOLOR%25255D%26desc%3DIdea+original+de+Mahs80%28%40Mahs8013%29...Addon+tematico+dedicado+a+Ciencia+y+Fisica+de+todos+los+tiempos..+descubre+los+limites+de+la+ciencia%2C+los+mayores+descubrimientos%2C+los+grandes+p%C3%A8nsadores+de+todas+las+epocas...+basado+en+Youtube+con+licencia+GNU+GPL.%26_options_sf&quot;,return)</favourite>
	<favourite name="1x2" thumb="special://home/addons\plugin.video.1x2\icon.gif">ActivateWindow(10025,&quot;plugin://plugin.video.1x2/?sf_options=fanart%3Dspecial%3A%2F%2Fhome%2Faddons%5Cplugin.video.1x2%5Cfanart.jpg%26meta%3Dlabel%253D1x2%26desc%3DLos+videos+son+proporcionados+por+personas+...+en+l%C3%ADnea+...+en+alg%C3%BAn+lugar...%26_options_sf&quot;,return)</favourite>
	<favourite name="[COLOR red]Kodi[/COLOR][COLOR yellow]Spain[/COLOR][COLOR red]Tv[/COLOR]" thumb="special://home/addons\plugin.video.kodispaintv\icon.png">ActivateWindow(10025,&quot;plugin://plugin.video.kodispaintv/?sf_options=fanart%3Dspecial%3A%2F%2Fhome%2Faddons%5Cplugin.video.kodispaintv%5Cfanart.jpg%26meta%3Dlabel%253D%25255BCOLOR%252Bred%25255DKodi%25255B%25252FCOLOR%25255D%25255BCOLOR%252Byellow%25255DSpain%25255B%25252FCOLOR%25255D%25255BCOLOR%252Bred%25255DTv%25255B%25252FCOLOR%25255D%26desc%3DComplemento+de+video+basado+en+LiveStreamsPro%0APuedes+seguirme+en+https%3A%2F%2Ft.me%2Fkodispain+y+http%3A%2F%2Fkonectas.es%0A%0AAVISO+LEGAL%3A%0A%0AEste+complemento+no+aloja+ningun+contenido+mostrado.%0ATodo+el+contenido+se+encuentra+libremente+en+internet.%0ANo+se+acepta+ninguna+responsabilidad+por+el+uso+de+este+addon.%0A%0A%C2%A1Disfruta%21%26_options_sf&quot;,return)</favourite>
	<favourite name="Explora" thumb="special://home/addons\plugin.video.Explora\icon.png">ActivateWindow(10025,&quot;plugin://plugin.video.Explora/?sf_options=fanart%3Dspecial%3A%2F%2Fhome%2Faddons%5Cplugin.video.Explora%5Cfanart.jpg%26meta%3Dlabel%253DExplora%26desc%3DTodos+los+documentales+en+castellano%2C+la+videoteca+que+no+deja+de+crecer+%21+...+Este+addon+requiere+de+plugin+f4mTester+de+shani+para+funcionar.%26_options_sf&quot;,return)</favourite>
	<favourite name="Magufo" thumb="special://home/addons\plugin.video.magufo\icon.png">ActivateWindow(10025,&quot;plugin://plugin.video.magufo/?sf_options=fanart%3Dspecial%3A%2F%2Fhome%2Faddons%5Cplugin.video.magufo%5Cfanart.jpg%26meta%3Dlabel%253DMagufo%26desc%3DCanales+sobre+el+misterio+y+otros+temas+cientificos.+Actualizamos+a+diario+%3A%29%26_options_sf&quot;,return)</favourite>
	<favourite name="SportsDevil" thumb="special://home/addons\plugin.video.SportsDevil\icon.png">ActivateWindow(10025,&quot;plugin://plugin.video.SportsDevil/?sf_options=fanart%3Dspecial%3A%2F%2Fhome%2Faddons%5Cplugin.video.SportsDevil%5Cfanart.jpg%26meta%3Dlabel%253DSportsDevil%26desc%3DVersi%C3%B3n+de+Jairox+con+alg%C3%BAn+Catcher+modificado%2Fa%C3%B1adido+por+Goldonx+y+Bad-Max...+Play+videos+of+different+ad-financed+sports+streaming+sites.%26_options_sf&quot;,return)</favourite>
	<favourite name="[B][I][COLOR mediumblue]Adriana Europe[/COLOR][/I][/B]" thumb="special://home/addons\plugin.video.adrianaeurope\icon.png">ActivateWindow(10025,&quot;plugin://plugin.video.adrianaeurope/?sf_options=fanart%3Dspecial%3A%2F%2Fhome%2Faddons%5Cplugin.video.adrianaeurope%5Cfanart.jpg%26meta%3Dlabel%253D%25255BB%25255D%25255BI%25255D%25255BCOLOR%252Bmediumblue%25255DAdriana%252BEurope%25255B%25252FCOLOR%25255D%25255B%25252FI%25255D%25255B%25252FB%25255D%26desc%3D%5DAdriana+Europe+je+KODI+Addon+za+gledanje+live+TV+programa.+Autor+ovog+addona+%28programskog+dodatka%29+nema+nikakav+autorski+materijal+unutar+ovog+addona.+Koristi+linkove+koji+su+dostupni+na+internetu%2C+te+ne+snosi+nikakvu+odgovornost+za+njegovu+upotrebu.%26_options_sf&quot;,return)</favourite>
	<favourite name="Motor 99" thumb="special://home/addons\plugin.video.motor99\icon.png">ActivateWindow(10025,&quot;plugin://plugin.video.motor99/?sf_options=fanart%3Dspecial%3A%2F%2Fhome%2Faddons%5Cplugin.video.motor99%5Cfanart.jpg%26meta%3Dlabel%253DMotor%252B99%26desc%3DTu+Rinc%C3%B3n+del+Motor%26_options_sf&quot;,return)</favourite>
	<favourite name="Bone Crusher Reborn" thumb="special://home/addons/plugin.video.bcreborn/icon.png">ActivateWindow(10025,&quot;plugin://plugin.video.bcreborn/?sf_options=fanart%3Dspecial%3A%2F%2Fhome%2Faddons%2Fplugin.video.bcreborn%2Ffanart.jpg%26meta%3Dlabel%253DBone%252BCrusher%252BReborn%26desc%3DThis+addon+does+not+form+part+of+the+Kodi+Media+Centre.+Please+do+not+seek+assistance+with+this+addon+from+any+of+the+Official+Kodi+Support+Channels.The+author+does+not+host+any+of+the+content+in+this+addon+and+takes+no+responsibility+for+content+found.%26_options_sf&quot;,return)</favourite>
	<favourite name="[COLOR gold]EvilStreams[/COLOR]" thumb="special://home/addons/plugin.video.evilstreams/icon.png">ActivateWindow(10025,&quot;plugin://plugin.video.evilstreams/?sf_options=fanart%3Dspecial%3A%2F%2Fhome%2Faddons%2Fplugin.video.evilstreams%2Ffanart.jpg%26meta%3Dlabel%253D%25255BCOLOR%252Bgold%25255DEvilStreams%25255B%25252FCOLOR%25255D%26desc%3DEste+addon+no+aloja+ningun+tipo+de+contenido%2C+todo+son+recopilaciones+de+internet.%26_options_sf&quot;,return)</favourite>
	<favourite name="C:\&gt;Goto" thumb="special://home/addons\plugin.video.goto\icon.png">Goto&quot; thumb=&quot;special://home/addons\plugin.video.goto\icon.png&quot;&gt;Goto&quot; thumb=&quot;special://home/addons\plugin.video.goto\icon.png&quot;&gt;Goto&quot; thumb=&quot;special://home/addons\plugin.video.goto\icon.png&quot;&gt;Goto&quot; thumb=&quot;special://home/addons\plugin.video.goto\icon.png&quot;&gt;ActivateWindow(10025,&quot;plugin://plugin.video.goto/?content_type=video&amp;sf_options=fanart%3Dspecial%3A%2F%2Fhome%2Faddons%5Cplugin.video.goto%5Cfanart.jpg%26meta%3Dlabel%253DC%25253A%25255C%25253EGoto%26desc%3DNot+every+lost+soul+wants+to+be+found%26_options_sf&quot;,return)</favourite>
</favourites>