{
    "settings": {
        "bt_buffer": "50", 
        "bt_download_path": "C:\\Users\\jan\\AppData\\Roaming\\Kodi\\userdata\\addon_data\\plugin.video.alfa\\downloads", 
        "libtorrent_error": "", 
        "libtorrent_path": "C:\\Users\\jan\\AppData\\Roaming\\Kodi\\addons\\plugin.video.alfa\\lib\\python_libtorrent\\windows_x64\\1.2.2", 
        "magnet2torrent": false, 
        "mct_background_download": true, 
        "mct_buffer": "50", 
        "mct_download_limit": "", 
        "mct_download_path": "C:\\Users\\jan\\AppData\\Roaming\\Kodi\\userdata\\addon_data\\plugin.video.alfa\\downloads", 
        "mct_rar_unpack": true, 
        "torrent_client": 4, 
        "unrar_path": "C:\\Users\\jan\\AppData\\Roaming\\Kodi\\addons\\plugin.video.alfa\\lib\\rarfiles\\windows\\unrar.exe"
    }
}