<favourites>
	<favourite name="Netflix" thumb="special://home/media/bajodemanda/3061155-poster-p-1-netflixs-new-logo-is-a-masterpiece-in-symbolic-ambiguity.png">ActivateWindow(10025,&quot;plugin://plugin.video.netflix/&quot;,return)</favourite>
	<favourite name="Amazon VOD" thumb="https://raw.githubusercontent.com/Sandmann79/xbmc/master/packages/plugin.video.amazon-test/icon.png">ActivateWindow(10025,&quot;plugin://plugin.video.amazon-test/&quot;,return)</favourite>
	<favourite name="Disney+" thumb="https://k.slyguy.xyz/.repo/slyguy.disney.plus/icon.png">ActivateWindow(10025,&quot;plugin://slyguy.disney.plus/&quot;,return)</favourite>
	<favourite name="hGO EU" thumb="special://home/media/bajodemanda/HBO_New_Logo.png">ActivateWindow(10025,&quot;plugin://plugin.video.hbogoeu/&quot;,return)</favourite>
	<favourite name="DAZN" thumb="http://mirrors.kodi.tv/addons/leia/plugin.video.dazn/resources/icon.png">ActivateWindow(10025,&quot;plugin://plugin.video.dazn/&quot;,return)</favourite>
	<favourite name="ATRESPLAYER" thumb="https://hirayasoftware.github.io/plugin.video.atresplayer/icon.png">ActivateWindow(10025,&quot;plugin://plugin.video.atresplayer/&quot;,return)</favourite>
	<favourite name="RTVE" thumb="https://hirayasoftware.github.io/plugin.video.rtve/icon.png">ActivateWindow(10025,&quot;plugin://plugin.video.rtve/&quot;,return)</favourite>
	<favourite name="CLAN" thumb="https://hirayasoftware.github.io/plugin.video.clan/icon.png">ActivateWindow(10025,&quot;plugin://plugin.video.clan/&quot;,return)</favourite>
	<favourite name="MITELE" thumb="https://hirayasoftware.github.io/plugin.video.mitele/icon.png">ActivateWindow(10025,&quot;plugin://plugin.video.mitele/&quot;,return)</favourite>
	<favourite name="BACK to the FUTBOL" thumb="https://hirayasoftware.github.io/plugin.video.backtothefutbol/icon.png">ActivateWindow(10025,&quot;plugin://plugin.video.backtothefutbol/&quot;,return)</favourite>
	<favourite name="DPLAY" thumb="https://hirayasoftware.github.io/plugin.video.dplay_dmax_dkiss/icon.png">ActivateWindow(10025,&quot;plugin://plugin.video.dplay_dmax_dkiss/&quot;,return)</favourite>
	<favourite name="MTMAD" thumb="https://hirayasoftware.github.io/plugin.video.mtmad/icon.png">ActivateWindow(10025,&quot;plugin://plugin.video.mtmad/&quot;,return)</favourite>
	<favourite name="TV3" thumb="https://hirayasoftware.github.io/plugin.video.tv3alacarta/icon.png">ActivateWindow(10025,&quot;plugin://plugin.video.tv/&quot;,return)</favourite>
	<favourite name="SUPER 3" thumb="https://hirayasoftware.github.io/plugin.video.super3/icon.png">ActivateWindow(10025,&quot;plugin://plugin.video.super3/&quot;,return)</favourite>
	<favourite name="Televisión de Galicia" thumb="https://hirayasoftware.github.io/plugin.video.tvg/icon.png">ActivateWindow(10025,&quot;plugin://plugin.video.tvg/&quot;,return)</favourite>
	<favourite name="TeleMadrid" thumb="https://hirayasoftware.github.io/plugin.video.telemadrid/icon.png">ActivateWindow(10025,&quot;plugin://plugin.video.telemadrid/&quot;,return)</favourite>
	<favourite name="À Punt" thumb="https://hirayasoftware.github.io/plugin.video.apunt/icon.png">ActivateWindow(10025,&quot;plugin://plugin.video.apunt/&quot;,return)</favourite>
	<favourite name="CMM" thumb="https://hirayasoftware.github.io/plugin.video.cmmedia/icon.png">ActivateWindow(10025,&quot;plugin://plugin.video.cmmedia/&quot;,return)</favourite>
	<favourite name="EITB" thumb="https://hirayasoftware.github.io/plugin.video.eitbalacarta/icon.png">ActivateWindow(10025,&quot;plugin://plugin.video.eitbalacarta/&quot;,return)</favourite>
	<favourite name="ARAGON TV" thumb="https://hirayasoftware.github.io/plugin.video.aragontv/icon.png">ActivateWindow(10025,&quot;plugin://plugin.video.aragontv/&quot;,return)</favourite>
	<favourite name="CANAL SUR" thumb="https://hirayasoftware.github.io/plugin.video.canalsur/icon.png">ActivateWindow(10025,&quot;plugin://plugin.video.canalsur/&quot;,return)</favourite>
	<favourite name="RTPA" thumb="https://hirayasoftware.github.io/plugin.video.rtpa/icon.png">ActivateWindow(10025,&quot;plugin://plugin.video.rtpa/&quot;,return)</favourite>
</favourites>