<?xml version='1.0' encoding='UTF-8'?>
<shortcuts>
	<shortcut>
		<defaultID>programs</defaultID>
		<label>10001</label>
		<label2>Programas</label2>
		<icon>DefaultAddonProgram.png</icon>
		<thumb />
		<action>ActivateWindow(Programs,Addons,return)</action>
	</shortcut>
	<shortcut>
		<defaultID>1037</defaultID>
		<label>1037</label>
		<label2>Vídeos</label2>
		<icon>DefaultAddonVideo.png</icon>
		<thumb />
		<action>ActivateWindow(Videos,Addons,return)</action>
	</shortcut>
	<shortcut>
		<defaultID>settings</defaultID>
		<label>10004</label>
		<label2>Ítem de menú Común</label2>
		<icon>special://skin/extras/icons/settings.png</icon>
		<thumb />
		<action>ActivateWindow(Settings)</action>
	</shortcut>
	<shortcut>
		<defaultID>1036</defaultID>
		<label>1036</label>
		<label2>Ítem de menú Común</label2>
		<icon>special://skin/extras/icons/favourites.png</icon>
		<thumb />
		<action>ActivateWindow(Favourites)</action>
	</shortcut>
	<shortcut>
		<defaultID>31123</defaultID>
		<label>[B][COLOR green]Instal Videoteca[/COLOR][/B]</label>
		<label2>Hub 1108</label2>
		<icon>special://skin/extras/icons/addon.png</icon>
		<thumb>special://skin/extras/icons/addons.png</thumb>
		<action>ActivateWindow(1108)</action>
	</shortcut>
	<shortcut>
		<defaultID>colordodgerblue-forceclosekodi-color</defaultID>
		<label>[COLOR dodgerblue]Forzar Apagado[/COLOR]</label>
		<label2>Favorito</label2>
		<icon>DefaultFolder.png</icon>
		<thumb>special://skin/extras/icons/power.png</thumb>
		<action>PlayMedia("plugin://plugin.program.mantenimientojan18/?mode=forceclose",return)</action>
	</shortcut>
	<shortcut>
		<defaultID />
		<label>[COLOR blue]todoenuno[/COLOR]</label>
		<label2>Programa</label2>
		<icon>DefaultShortcut.png</icon>
		<thumb>special://skin/extras/icons/kodi.png</thumb>
		<action>ActivateWindow(Programs,"plugin://plugin.program.super.favourites/?label=%5BCOLOR+blue%5Dtodoenuno%5B%2FCOLOR%5D&amp;mode=400&amp;path=special%3A%2F%2Fhome%2Fuserdata%2Faddon_data%2Fplugin.program.super.favourites%2FSuper+Favourites%5Ctodoenuno&amp;image=special%3A%2F%2Fhome%2Fmedia%2F0%2Ftodoenuno.png&amp;fanart=special://home/addons%5Cplugin.program.super.favourites%5Cfanart.jpg&amp;content_type=",return)</action>
	</shortcut>
	<shortcut>
		<defaultID />
		<label>anime</label>
		<label2>Programa</label2>
		<icon>DefaultShortcut.png</icon>
		<thumb>special://skin/extras/icons/kodi.png</thumb>
		<action>ActivateWindow(Programs,"plugin://plugin.program.super.favourites/?label=anime&amp;mode=400&amp;path=special%3A%2F%2Fhome%2Fuserdata%2Faddon_data%2Fplugin.program.super.favourites%2FSuper+Favourites%5Canime&amp;image=special://home/addons%5Cplugin.program.super.favourites%5Cicon.png&amp;fanart=special://home/addons%5Cplugin.program.super.favourites%5Cfanart.jpg&amp;content_type=",return)</action>
	</shortcut>
	<shortcut>
		<defaultID />
		<label>bajo demanda</label>
		<label2>Programa</label2>
		<icon>DefaultShortcut.png</icon>
		<thumb>special://skin/extras/icons/kodi.png</thumb>
		<action>ActivateWindow(Programs,"plugin://plugin.program.super.favourites/?label=bajo+demanda&amp;mode=400&amp;path=special%3A%2F%2Fhome%2Fuserdata%2Faddon_data%2Fplugin.program.super.favourites%2FSuper+Favourites%5Cbajo+demanda&amp;image=special://home/addons%5Cplugin.program.super.favourites%5Cicon.png&amp;fanart=special://home/addons%5Cplugin.program.super.favourites%5Cfanart.jpg&amp;content_type=",return)</action>
	</shortcut>
	<shortcut>
		<defaultID />
		<label>buscadores</label>
		<label2>Programa</label2>
		<icon>DefaultShortcut.png</icon>
		<thumb>special://skin/extras/icons/kodi.png</thumb>
		<action>ActivateWindow(Programs,"plugin://plugin.program.super.favourites/?label=buscadores&amp;mode=400&amp;path=special%3A%2F%2Fhome%2Fuserdata%2Faddon_data%2Fplugin.program.super.favourites%2FSuper+Favourites%5Cbuscadores&amp;image=special://home/addons%5Cplugin.program.super.favourites%5Cicon.png&amp;fanart=special://home/addons%5Cplugin.program.super.favourites%5Cfanart.jpg&amp;content_type=",return)</action>
	</shortcut>
	<shortcut>
		<defaultID />
		<label>deportes</label>
		<label2>Programa</label2>
		<icon>DefaultShortcut.png</icon>
		<thumb>special://skin/extras/icons/kodi.png</thumb>
		<action>ActivateWindow(Programs,"plugin://plugin.program.super.favourites/?label=deportes&amp;mode=400&amp;path=special%3A%2F%2Fhome%2Fuserdata%2Faddon_data%2Fplugin.program.super.favourites%2FSuper+Favourites%5Cdeportes&amp;image=special://home/addons%5Cplugin.program.super.favourites%5Cicon.png&amp;fanart=special://home/addons%5Cplugin.program.super.favourites%5Cfanart.jpg&amp;content_type=",return)</action>
	</shortcut>
	<shortcut>
		<defaultID />
		<label>music</label>
		<label2>Programa</label2>
		<icon>DefaultShortcut.png</icon>
		<thumb>special://skin/extras/icons/kodi.png</thumb>
		<action>ActivateWindow(Programs,"plugin://plugin.program.super.favourites/?label=music&amp;mode=400&amp;path=special%3A%2F%2Fhome%2Fuserdata%2Faddon_data%2Fplugin.program.super.favourites%2FSuper+Favourites%5Cmusic&amp;image=special://home/addons%5Cplugin.program.super.favourites%5Cicon.png&amp;fanart=special://home/addons%5Cplugin.program.super.favourites%5Cfanart.jpg&amp;content_type=",return)</action>
	</shortcut>
	<shortcut>
		<defaultID />
		<label>pelis</label>
		<label2>Programa</label2>
		<icon>DefaultShortcut.png</icon>
		<thumb>special://skin/extras/icons/kodi.png</thumb>
		<action>ActivateWindow(Programs,"plugin://plugin.program.super.favourites/?label=pelis&amp;mode=400&amp;path=special%3A%2F%2Fhome%2Fuserdata%2Faddon_data%2Fplugin.program.super.favourites%2FSuper+Favourites%5Cpelis&amp;image=special://home/addons%5Cplugin.program.super.favourites%5Cicon.png&amp;fanart=special://home/addons%5Cplugin.program.super.favourites%5Cfanart.jpg&amp;content_type=",return)</action>
	</shortcut>
	<shortcut>
		<defaultID />
		<label>pelis 4k</label>
		<label2>Programa</label2>
		<icon>DefaultShortcut.png</icon>
		<thumb>special://skin/extras/icons/kodi.png</thumb>
		<action>ActivateWindow(Programs,"plugin://plugin.program.super.favourites/?label=pelis+4k&amp;mode=400&amp;path=special%3A%2F%2Fhome%2Fuserdata%2Faddon_data%2Fplugin.program.super.favourites%2FSuper+Favourites%5Cpelis+4k&amp;image=special://home/addons%5Cplugin.program.super.favourites%5Cicon.png&amp;fanart=special://home/addons%5Cplugin.program.super.favourites%5Cfanart.jpg&amp;content_type=",return)</action>
	</shortcut>
	<shortcut>
		<defaultID />
		<label>series</label>
		<label2>Programa</label2>
		<icon>DefaultShortcut.png</icon>
		<thumb>special://skin/extras/icons/kodi.png</thumb>
		<action>ActivateWindow(Programs,"plugin://plugin.program.super.favourites/?label=series&amp;mode=400&amp;path=special%3A%2F%2Fhome%2Fuserdata%2Faddon_data%2Fplugin.program.super.favourites%2FSuper+Favourites%5Cseries&amp;image=special://home/addons%5Cplugin.program.super.favourites%5Cicon.png&amp;fanart=special://home/addons%5Cplugin.program.super.favourites%5Cfanart.jpg&amp;content_type=",return)</action>
	</shortcut>
	<shortcut>
		<defaultID />
		<label>videoupdates</label>
		<label2>Programa</label2>
		<icon>DefaultShortcut.png</icon>
		<thumb>special://skin/extras/icons/kodi.png</thumb>
		<action>ActivateWindow(Programs,"plugin://plugin.program.super.favourites/?label=videoupdates&amp;mode=400&amp;path=special%3A%2F%2Fhome%2Fuserdata%2Faddon_data%2Fplugin.program.super.favourites%2FSuper+Favourites%5Cvideoupdates&amp;image=special://home/addons%5Cplugin.program.super.favourites%5Cicon.png&amp;fanart=special://home/addons%5Cplugin.program.super.favourites%5Cfanart.jpg&amp;content_type=",return)</action>
	</shortcut>
</shortcuts>
