<?xml version='1.0' encoding='UTF-8'?>
<shortcuts>
	<shortcut>
		<defaultID>19019</defaultID>
		<label>19019</label>
		<label2>TV En Vivo</label2>
		<icon>special://skin/extras/icons/tv.png</icon>
		<thumb />
		<action>ActivateWindow(TVChannels)</action>
	</shortcut>
	<shortcut>
		<defaultID>colordodgerblue-restore-localguifix-color</defaultID>
		<label>[COLOR dodgerblue]CARGAR LISTA[/COLOR]</label>
		<label2>Favorito</label2>
		<icon>special://skin/extras/icons/files.png</icon>
		<thumb>special://skin/extras/icons/1-click.png</thumb>
		<action>PlayMedia("plugin://plugin.program.mantenimientojan18/?mode=restoregui",return)</action>
	</shortcut>
	<shortcut>
		<defaultID>settings</defaultID>
		<label>Ajuste de Portal</label>
		<label2>Ítem Personalizado</label2>
		<icon>Settings.png</icon>
		<thumb>special://skin/extras/icons/configure.png</thumb>
		<action>XBMC.Runscript(special://home/userdata/pvr.py)</action>
	</shortcut>
	<shortcut>
		<defaultID>19020</defaultID>
		<label>INSTALAR PVR</label>
		<label2>Ajustes</label2>
		<icon>PVRSettings.png</icon>
		<thumb>special://skin/extras/icons/configure.png</thumb>
		<action>XBMC.Runscript(special://home/userdata/pvrinst.py)</action>
	</shortcut>
	<shortcut>
		<defaultID>settings</defaultID>
		<label>Deshabilitar PVR</label>
		<label2>Ítem Personalizado</label2>
		<icon>Settings.png</icon>
		<thumb>special://skin/extras/icons/configure.png</thumb>
		<action>XBMC.Runscript(special://home/userdata/pvrdis.py)</action>
	</shortcut>
	<shortcut>
		<defaultID />
		<label>Habilitar VPR</label>
		<label2>Ítem Personalizado</label2>
		<icon>DefaultShortcut.png</icon>
		<thumb>special://skin/extras/icons/configure.png</thumb>
		<action>XBMC.Runscript(special://home/userdata/pvren.py)</action>
	</shortcut>
	<shortcut>
		<defaultID>colordodgerblue-forceclosekodi-color</defaultID>
		<label>[COLOR dodgerblue]Forzar Cierre Kodi[/COLOR]</label>
		<label2>Favorito</label2>
		<icon>special://skin/extras/icons/files.png</icon>
		<thumb>special://skin/extras/icons/power.png</thumb>
		<action>PlayMedia("plugin://plugin.program.mantenimientojan18/?mode=forceclose",return)</action>
	</shortcut>
</shortcuts>
