<favourites>
	<favourite name="ES - Movistar deportes" thumb="https://taptube.net/tv/images/channel_imgs/201217090912depp.png|User-Agent=Dalvik%2F2.1.0%20%28Linux%3B%20U%3B%20Android%205.1.1%3B%20AFTS%20Build%2FLVY48F%29">PlayMedia(&quot;plugin://script.module.tt/play/457/play.pvr?sf_options=meta%3Dvotes%253D0%2526label%253DES%252B-%252BMovistar%252Bdeportes%2526title%253DES%252B-%252BMovistar%252Bdeportes%26winID%3D10001%26_options_sf&quot;)</favourite>
	<favourite name="ES - Movistar deportes 2" thumb="https://taptube.net/tv/images/channel_imgs/201217091045dep2.jpg|User-Agent=Dalvik%2F2.1.0%20%28Linux%3B%20U%3B%20Android%205.1.1%3B%20AFTS%20Build%2FLVY48F%29">PlayMedia(&quot;plugin://script.module.tt/play/458/play.pvr?sf_options=meta%3Dvotes%253D0%2526label%253DES%252B-%252BMovistar%252Bdeportes%252B2%2526title%253DES%252B-%252BMovistar%252Bdeportes%252B2%26winID%3D10001%26_options_sf&quot;)</favourite>
	<favourite name="ES - beIN Sports Laliga" thumb="https://taptube.net/tv/images/channel_imgs/240218025009lala.jpg|User-Agent=Dalvik%2F2.1.0%20%28Linux%3B%20U%3B%20Android%205.1.1%3B%20AFTS%20Build%2FLVY48F%29">PlayMedia(&quot;plugin://script.module.tt/play/669/play.pvr?sf_options=meta%3Dvotes%253D0%2526label%253DES%252B-%252BbeIN%252BSports%252BLaliga%2526title%253DES%252B-%252BbeIN%252BSports%252BLaliga%26winID%3D10001%26_options_sf&quot;)</favourite>
	<favourite name="ES - LaLiga 123" thumb="https://taptube.net/tv/images/channel_imgs/250918042247laliga12.jpg|User-Agent=Dalvik%2F2.1.0%20%28Linux%3B%20U%3B%20Android%205.1.1%3B%20AFTS%20Build%2FLVY48F%29">PlayMedia(&quot;plugin://script.module.tt/play/802/play.pvr?sf_options=meta%3Dvotes%253D0%2526label%253DES%252B-%252BLaLiga%252B123%2526title%253DES%252B-%252BLaLiga%252B123%26winID%3D10001%26_options_sf&quot;)</favourite>
	<favourite name="ES - Euro sport" thumb="https://taptube.net/tv/images/channel_imgs/250518014244eurrrr.png|User-Agent=Dalvik%2F2.1.0%20%28Linux%3B%20U%3B%20Android%205.1.1%3B%20AFTS%20Build%2FLVY48F%29">PlayMedia(&quot;plugin://script.module.tt/play/741/play.pvr?sf_options=meta%3Dvotes%253D0%2526label%253DES%252B-%252BEuro%252Bsport%2526title%253DES%252B-%252BEuro%252Bsport%26winID%3D10001%26_options_sf&quot;)</favourite>
	<favourite name="ES - Euro sport 2" thumb="https://taptube.net/tv/images/channel_imgs/250518014339euro2.gif|User-Agent=Dalvik%2F2.1.0%20%28Linux%3B%20U%3B%20Android%205.1.1%3B%20AFTS%20Build%2FLVY48F%29">PlayMedia(&quot;plugin://script.module.tt/play/742/play.pvr?sf_options=meta%3Dvotes%253D0%2526label%253DES%252B-%252BEuro%252Bsport%252B2%2526title%253DES%252B-%252BEuro%252Bsport%252B2%26winID%3D10001%26_options_sf&quot;)</favourite>
	<favourite name="ES - La Liga" thumb="https://taptube.net/tv/images/channel_imgs/250518014428lalig.jpg|User-Agent=Dalvik%2F2.1.0%20%28Linux%3B%20U%3B%20Android%205.1.1%3B%20AFTS%20Build%2FLVY48F%29">PlayMedia(&quot;plugin://script.module.tt/play/743/play.pvr?sf_options=meta%3Dvotes%253D0%2526label%253DES%252B-%252BLa%252BLiga%2526title%253DES%252B-%252BLa%252BLiga%26winID%3D10001%26_options_sf&quot;)</favourite>
	<favourite name="ES - Movistar F1" thumb="https://taptube.net/tv/images/channel_imgs/231216031553movie.png|User-Agent=Dalvik%2F2.1.0%20%28Linux%3B%20U%3B%20Android%205.1.1%3B%20AFTS%20Build%2FLVY48F%29">PlayMedia(&quot;plugin://script.module.tt/play/346/play.pvr?sf_options=meta%3Dvotes%253D0%2526label%253DES%252B-%252BMovistar%252BF1%2526title%253DES%252B-%252BMovistar%252BF1%26winID%3D10001%26_options_sf&quot;)</favourite>
	<favourite name="ES - Movistar futbol" thumb="https://taptube.net/tv/images/channel_imgs/201217090647futt.png|User-Agent=Dalvik%2F2.1.0%20%28Linux%3B%20U%3B%20Android%205.1.1%3B%20AFTS%20Build%2FLVY48F%29">PlayMedia(&quot;plugin://script.module.tt/play/456/play.pvr?sf_options=meta%3Dvotes%253D0%2526label%253DES%252B-%252BMovistar%252Bfutbol%2526title%253DES%252B-%252BMovistar%252Bfutbol%26winID%3D10001%26_options_sf&quot;)</favourite>
	<favourite name="ES - Movistar Motogp" thumb="https://taptube.net/tv/images/channel_imgs/231216040406starm.jpeg|User-Agent=Dalvik%2F2.1.0%20%28Linux%3B%20U%3B%20Android%205.1.1%3B%20AFTS%20Build%2FLVY48F%29">PlayMedia(&quot;plugin://script.module.tt/play/359/play.pvr?sf_options=meta%3Dvotes%253D0%2526label%253DES%252B-%252BMovistar%252BMotogp%2526title%253DES%252B-%252BMovistar%252BMotogp%26winID%3D10001%26_options_sf&quot;)</favourite>
	<favourite name="ES - Real Madrid" thumb="https://taptube.net/tv/images/channel_imgs/260218112537rea.png|User-Agent=Dalvik%2F2.1.0%20%28Linux%3B%20U%3B%20Android%205.1.1%3B%20AFTS%20Build%2FLVY48F%29">PlayMedia(&quot;plugin://script.module.tt/play/672/play.pvr?sf_options=meta%3Dvotes%253D0%2526label%253DES%252B-%252BReal%252BMadrid%2526title%253DES%252B-%252BReal%252BMadrid%26winID%3D10001%26_options_sf&quot;)</favourite>
	<favourite name="FR - Bein Sports 1 FR" thumb="https://taptube.net/tv/images/channel_imgs/160116114930bein1f.png|User-Agent=Dalvik%2F2.1.0%20%28Linux%3B%20U%3B%20Android%205.1.1%3B%20AFTS%20Build%2FLVY48F%29">PlayMedia(&quot;plugin://script.module.tt/play/49/play.pvr?sf_options=meta%3Dvotes%253D0%2526label%253DFR%252B-%252BBein%252BSports%252B1%252BFR%2526title%253DFR%252B-%252BBein%252BSports%252B1%252BFR%26winID%3D10001%26_options_sf&quot;)</favourite>
	<favourite name="FR - BeIN Sports 2 FR" thumb="https://taptube.net/tv/images/channel_imgs/160116115022bein2fr.png|User-Agent=Dalvik%2F2.1.0%20%28Linux%3B%20U%3B%20Android%205.1.1%3B%20AFTS%20Build%2FLVY48F%29">PlayMedia(&quot;plugin://script.module.tt/play/51/play.pvr?sf_options=meta%3Dvotes%253D0%2526label%253DFR%252B-%252BBeIN%252BSports%252B2%252BFR%2526title%253DFR%252B-%252BBeIN%252BSports%252B2%252BFR%26winID%3D10001%26_options_sf&quot;)</favourite>
	<favourite name="FR - BeIN Sports 3 FR" thumb="https://taptube.net/tv/images/channel_imgs/160116115109bein3fr.png|User-Agent=Dalvik%2F2.1.0%20%28Linux%3B%20U%3B%20Android%205.1.1%3B%20AFTS%20Build%2FLVY48F%29">PlayMedia(&quot;plugin://script.module.tt/play/52/play.pvr?sf_options=meta%3Dvotes%253D0%2526label%253DFR%252B-%252BBeIN%252BSports%252B3%252BFR%2526title%253DFR%252B-%252BBeIN%252BSports%252B3%252BFR%26winID%3D10001%26_options_sf&quot;)</favourite>
	<favourite name="FR - Bein sports max 4" thumb="https://taptube.net/tv/images/channel_imgs/201217090105bein4.png|User-Agent=Dalvik%2F2.1.0%20%28Linux%3B%20U%3B%20Android%205.1.1%3B%20AFTS%20Build%2FLVY48F%29">PlayMedia(&quot;plugin://script.module.tt/play/451/play.pvr?sf_options=meta%3Dvotes%253D0%2526label%253DFR%252B-%252BBein%252Bsports%252Bmax%252B4%2526title%253DFR%252B-%252BBein%252Bsports%252Bmax%252B4%26winID%3D10001%26_options_sf&quot;)</favourite>
	<favourite name="FR - Bein sports max 5" thumb="https://taptube.net/tv/images/channel_imgs/201217090208bein5.png|User-Agent=Dalvik%2F2.1.0%20%28Linux%3B%20U%3B%20Android%205.1.1%3B%20AFTS%20Build%2FLVY48F%29">PlayMedia(&quot;plugin://script.module.tt/play/452/play.pvr?sf_options=meta%3Dvotes%253D0%2526label%253DFR%252B-%252BBein%252Bsports%252Bmax%252B5%2526title%253DFR%252B-%252BBein%252Bsports%252Bmax%252B5%26winID%3D10001%26_options_sf&quot;)</favourite>
	<favourite name="FR - Bein sports max 6" thumb="https://taptube.net/tv/images/channel_imgs/201217090246bein6.png|User-Agent=Dalvik%2F2.1.0%20%28Linux%3B%20U%3B%20Android%205.1.1%3B%20AFTS%20Build%2FLVY48F%29">PlayMedia(&quot;plugin://script.module.tt/play/453/play.pvr?sf_options=meta%3Dvotes%253D0%2526label%253DFR%252B-%252BBein%252Bsports%252Bmax%252B6%2526title%253DFR%252B-%252BBein%252Bsports%252Bmax%252B6%26winID%3D10001%26_options_sf&quot;)</favourite>
	<favourite name="FR - Bein sports max 7" thumb="https://taptube.net/tv/images/channel_imgs/201217090332bein7.png|User-Agent=Dalvik%2F2.1.0%20%28Linux%3B%20U%3B%20Android%205.1.1%3B%20AFTS%20Build%2FLVY48F%29">PlayMedia(&quot;plugin://script.module.tt/play/454/play.pvr?sf_options=meta%3Dvotes%253D0%2526label%253DFR%252B-%252BBein%252Bsports%252Bmax%252B7%2526title%253DFR%252B-%252BBein%252Bsports%252Bmax%252B7%26winID%3D10001%26_options_sf&quot;)</favourite>
	<favourite name="FR - Canal+ Sport" thumb="https://taptube.net/tv/images/channel_imgs/221216034815canalplus%20sport.gif|User-Agent=Dalvik%2F2.1.0%20%28Linux%3B%20U%3B%20Android%205.1.1%3B%20AFTS%20Build%2FLVY48F%29">PlayMedia(&quot;plugin://script.module.tt/play/316/play.pvr?sf_options=meta%3Dvotes%253D0%2526label%253DFR%252B-%252BCanal%25252B%252BSport%2526title%253DFR%252B-%252BCanal%25252B%252BSport%26winID%3D10001%26_options_sf&quot;)</favourite>
	<favourite name="FR - Infosport+" thumb="https://taptube.net/tv/images/channel_imgs/140518055357info.jpeg|User-Agent=Dalvik%2F2.1.0%20%28Linux%3B%20U%3B%20Android%205.1.1%3B%20AFTS%20Build%2FLVY48F%29">PlayMedia(&quot;plugin://script.module.tt/play/721/play.pvr?sf_options=meta%3Dvotes%253D0%2526label%253DFR%252B-%252BInfosport%25252B%2526title%253DFR%252B-%252BInfosport%25252B%26winID%3D10001%26_options_sf&quot;)</favourite>
	<favourite name="FR - RMC Sport 1" thumb="https://taptube.net/tv/images/channel_imgs/170818091540RMCSPORT1.png|User-Agent=Dalvik%2F2.1.0%20%28Linux%3B%20U%3B%20Android%205.1.1%3B%20AFTS%20Build%2FLVY48F%29">PlayMedia(&quot;plugin://script.module.tt/play/598/play.pvr?sf_options=meta%3Dvotes%253D0%2526label%253DFR%252B-%252BRMC%252BSport%252B1%2526title%253DFR%252B-%252BRMC%252BSport%252B1%26winID%3D10001%26_options_sf&quot;)</favourite>
	<favourite name="FR - RMC Sport 2" thumb="https://taptube.net/tv/images/channel_imgs/170818091605rmc2.png|User-Agent=Dalvik%2F2.1.0%20%28Linux%3B%20U%3B%20Android%205.1.1%3B%20AFTS%20Build%2FLVY48F%29">PlayMedia(&quot;plugin://script.module.tt/play/599/play.pvr?sf_options=meta%3Dvotes%253D0%2526label%253DFR%252B-%252BRMC%252BSport%252B2%2526title%253DFR%252B-%252BRMC%252BSport%252B2%26winID%3D10001%26_options_sf&quot;)</favourite>
	<favourite name="FR - RMC Sport 3" thumb="https://taptube.net/tv/images/channel_imgs/170818091632RMCSPORT3.png|User-Agent=Dalvik%2F2.1.0%20%28Linux%3B%20U%3B%20Android%205.1.1%3B%20AFTS%20Build%2FLVY48F%29">PlayMedia(&quot;plugin://script.module.tt/play/600/play.pvr?sf_options=meta%3Dvotes%253D0%2526label%253DFR%252B-%252BRMC%252BSport%252B3%2526title%253DFR%252B-%252BRMC%252BSport%252B3%26winID%3D10001%26_options_sf&quot;)</favourite>
	<favourite name="FR - RMC Sport 4" thumb="https://taptube.net/tv/images/channel_imgs/170818091730RMCSPORT4.png|User-Agent=Dalvik%2F2.1.0%20%28Linux%3B%20U%3B%20Android%205.1.1%3B%20AFTS%20Build%2FLVY48F%29">PlayMedia(&quot;plugin://script.module.tt/play/601/play.pvr?sf_options=meta%3Dvotes%253D0%2526label%253DFR%252B-%252BRMC%252BSport%252B4%2526title%253DFR%252B-%252BRMC%252BSport%252B4%26winID%3D10001%26_options_sf&quot;)</favourite>
	<favourite name="IT - Automoto" thumb="https://taptube.net/tv/images/channel_imgs/220518013815autoo.jpeg|User-Agent=Dalvik%2F2.1.0%20%28Linux%3B%20U%3B%20Android%205.1.1%3B%20AFTS%20Build%2FLVY48F%29">PlayMedia(&quot;plugin://script.module.tt/play/733/play.pvr?sf_options=meta%3Dvotes%253D0%2526label%253DIT%252B-%252BAutomoto%2526title%253DIT%252B-%252BAutomoto%26winID%3D10001%26_options_sf&quot;)</favourite>
	<favourite name="IT - Bike" thumb="https://taptube.net/tv/images/channel_imgs/220518013952bike.png|User-Agent=Dalvik%2F2.1.0%20%28Linux%3B%20U%3B%20Android%205.1.1%3B%20AFTS%20Build%2FLVY48F%29">PlayMedia(&quot;plugin://script.module.tt/play/734/play.pvr?sf_options=meta%3Dvotes%253D0%2526label%253DIT%252B-%252BBike%2526title%253DIT%252B-%252BBike%26winID%3D10001%26_options_sf&quot;)</favourite>
	<favourite name="IT - Dazn 1" thumb="https://taptube.net/tv/images/channel_imgs/161019085616dazn.png|User-Agent=Dalvik%2F2.1.0%20%28Linux%3B%20U%3B%20Android%205.1.1%3B%20AFTS%20Build%2FLVY48F%29">PlayMedia(&quot;plugin://script.module.tt/play/830/play.pvr?sf_options=meta%3Dvotes%253D0%2526label%253DIT%252B-%252BDazn%252B1%2526title%253DIT%252B-%252BDazn%252B1%26winID%3D10001%26_options_sf&quot;)</favourite>
	<favourite name="IT - Dazn 1" thumb="https://taptube.net/tv/images/channel_imgs/100818031810dazn.png|User-Agent=Dalvik%2F2.1.0%20%28Linux%3B%20U%3B%20Android%205.1.1%3B%20AFTS%20Build%2FLVY48F%29">PlayMedia(&quot;plugin://script.module.tt/play/767/play.pvr?sf_options=meta%3Dvotes%253D0%2526label%253DIT%252B-%252BDazn%252B1%2526title%253DIT%252B-%252BDazn%252B1%26winID%3D10001%26_options_sf&quot;)</favourite>
	<favourite name="IT - Dazn 2" thumb="https://taptube.net/tv/images/channel_imgs/100818031954dazn.png|User-Agent=Dalvik%2F2.1.0%20%28Linux%3B%20U%3B%20Android%205.1.1%3B%20AFTS%20Build%2FLVY48F%29">PlayMedia(&quot;plugin://script.module.tt/play/768/play.pvr?sf_options=meta%3Dvotes%253D0%2526label%253DIT%252B-%252BDazn%252B2%2526title%253DIT%252B-%252BDazn%252B2%26winID%3D10001%26_options_sf&quot;)</favourite>
	<favourite name="IT - Dazn 3" thumb="https://taptube.net/tv/images/channel_imgs/100818032007dazn.png|User-Agent=Dalvik%2F2.1.0%20%28Linux%3B%20U%3B%20Android%205.1.1%3B%20AFTS%20Build%2FLVY48F%29">PlayMedia(&quot;plugin://script.module.tt/play/769/play.pvr?sf_options=meta%3Dvotes%253D0%2526label%253DIT%252B-%252BDazn%252B3%2526title%253DIT%252B-%252BDazn%252B3%26winID%3D10001%26_options_sf&quot;)</favourite>
	<favourite name="IT - Dazn 4" thumb="https://taptube.net/tv/images/channel_imgs/100818032020dazn.png|User-Agent=Dalvik%2F2.1.0%20%28Linux%3B%20U%3B%20Android%205.1.1%3B%20AFTS%20Build%2FLVY48F%29">PlayMedia(&quot;plugin://script.module.tt/play/770/play.pvr?sf_options=meta%3Dvotes%253D0%2526label%253DIT%252B-%252BDazn%252B4%2526title%253DIT%252B-%252BDazn%252B4%26winID%3D10001%26_options_sf&quot;)</favourite>
	<favourite name="IT - Dazn 5" thumb="https://taptube.net/tv/images/channel_imgs/100818032033dazn.png|User-Agent=Dalvik%2F2.1.0%20%28Linux%3B%20U%3B%20Android%205.1.1%3B%20AFTS%20Build%2FLVY48F%29">PlayMedia(&quot;plugin://script.module.tt/play/771/play.pvr?sf_options=meta%3Dvotes%253D0%2526label%253DIT%252B-%252BDazn%252B5%2526title%253DIT%252B-%252BDazn%252B5%26winID%3D10001%26_options_sf&quot;)</favourite>
	<favourite name="IT - Dazn 6" thumb="https://taptube.net/tv/images/channel_imgs/031118035634dazn.png|User-Agent=Dalvik%2F2.1.0%20%28Linux%3B%20U%3B%20Android%205.1.1%3B%20AFTS%20Build%2FLVY48F%29">PlayMedia(&quot;plugin://script.module.tt/play/815/play.pvr?sf_options=meta%3Dvotes%253D0%2526label%253DIT%252B-%252BDazn%252B6%2526title%253DIT%252B-%252BDazn%252B6%26winID%3D10001%26_options_sf&quot;)</favourite>
	<favourite name="IT - Dazn 7" thumb="https://taptube.net/tv/images/channel_imgs/031118035755dazn.png|User-Agent=Dalvik%2F2.1.0%20%28Linux%3B%20U%3B%20Android%205.1.1%3B%20AFTS%20Build%2FLVY48F%29">PlayMedia(&quot;plugin://script.module.tt/play/816/play.pvr?sf_options=meta%3Dvotes%253D0%2526label%253DIT%252B-%252BDazn%252B7%2526title%253DIT%252B-%252BDazn%252B7%26winID%3D10001%26_options_sf&quot;)</favourite>
	<favourite name="IT - Dazn 8" thumb="https://taptube.net/tv/images/channel_imgs/031118035807dazn.png|User-Agent=Dalvik%2F2.1.0%20%28Linux%3B%20U%3B%20Android%205.1.1%3B%20AFTS%20Build%2FLVY48F%29">PlayMedia(&quot;plugin://script.module.tt/play/817/play.pvr?sf_options=meta%3Dvotes%253D0%2526label%253DIT%252B-%252BDazn%252B8%2526title%253DIT%252B-%252BDazn%252B8%26winID%3D10001%26_options_sf&quot;)</favourite>
	<favourite name="IT - Dazn 9" thumb="https://taptube.net/tv/images/channel_imgs/031118035815dazn.png|User-Agent=Dalvik%2F2.1.0%20%28Linux%3B%20U%3B%20Android%205.1.1%3B%20AFTS%20Build%2FLVY48F%29">PlayMedia(&quot;plugin://script.module.tt/play/818/play.pvr?sf_options=meta%3Dvotes%253D0%2526label%253DIT%252B-%252BDazn%252B9%2526title%253DIT%252B-%252BDazn%252B9%26winID%3D10001%26_options_sf&quot;)</favourite>
	<favourite name="IT - Dazn 10" thumb="https://taptube.net/tv/images/channel_imgs/031118035735dazn.png|User-Agent=Dalvik%2F2.1.0%20%28Linux%3B%20U%3B%20Android%205.1.1%3B%20AFTS%20Build%2FLVY48F%29">PlayMedia(&quot;plugin://script.module.tt/play/819/play.pvr?sf_options=meta%3Dvotes%253D0%2526label%253DIT%252B-%252BDazn%252B10%2526title%253DIT%252B-%252BDazn%252B10%26winID%3D10001%26_options_sf&quot;)</favourite>
	<favourite name="IT - Dazn 11" thumb="https://taptube.net/tv/images/channel_imgs/031118035743dazn.png|User-Agent=Dalvik%2F2.1.0%20%28Linux%3B%20U%3B%20Android%205.1.1%3B%20AFTS%20Build%2FLVY48F%29">PlayMedia(&quot;plugin://script.module.tt/play/820/play.pvr?sf_options=meta%3Dvotes%253D0%2526label%253DIT%252B-%252BDazn%252B11%2526title%253DIT%252B-%252BDazn%252B11%26winID%3D10001%26_options_sf&quot;)</favourite>
	<favourite name="IT - Dazn Vetrina" thumb="https://taptube.net/tv/images/channel_imgs/100818032129dazn.png|User-Agent=Dalvik%2F2.1.0%20%28Linux%3B%20U%3B%20Android%205.1.1%3B%20AFTS%20Build%2FLVY48F%29">PlayMedia(&quot;plugin://script.module.tt/play/772/play.pvr?sf_options=meta%3Dvotes%253D0%2526label%253DIT%252B-%252BDazn%252BVetrina%2526title%253DIT%252B-%252BDazn%252BVetrina%26winID%3D10001%26_options_sf&quot;)</favourite>
	<favourite name="IT - Euro sport" thumb="https://taptube.net/tv/images/channel_imgs/140518053159eur.png|User-Agent=Dalvik%2F2.1.0%20%28Linux%3B%20U%3B%20Android%205.1.1%3B%20AFTS%20Build%2FLVY48F%29">PlayMedia(&quot;plugin://script.module.tt/play/711/play.pvr?sf_options=meta%3Dvotes%253D0%2526label%253DIT%252B-%252BEuro%252Bsport%2526title%253DIT%252B-%252BEuro%252Bsport%26winID%3D10001%26_options_sf&quot;)</favourite>
	<favourite name="IT - Euro sport 2" thumb="https://taptube.net/tv/images/channel_imgs/140518053309euro2.png|User-Agent=Dalvik%2F2.1.0%20%28Linux%3B%20U%3B%20Android%205.1.1%3B%20AFTS%20Build%2FLVY48F%29">PlayMedia(&quot;plugin://script.module.tt/play/712/play.pvr?sf_options=meta%3Dvotes%253D0%2526label%253DIT%252B-%252BEuro%252Bsport%252B2%2526title%253DIT%252B-%252BEuro%252Bsport%252B2%26winID%3D10001%26_options_sf&quot;)</favourite>
	<favourite name="IT - Inter Tv" thumb="https://taptube.net/tv/images/channel_imgs/250518014057inter.jpg|User-Agent=Dalvik%2F2.1.0%20%28Linux%3B%20U%3B%20Android%205.1.1%3B%20AFTS%20Build%2FLVY48F%29">PlayMedia(&quot;plugin://script.module.tt/play/739/play.pvr?sf_options=meta%3Dvotes%253D0%2526label%253DIT%252B-%252BInter%252BTv%2526title%253DIT%252B-%252BInter%252BTv%26winID%3D10001%26_options_sf&quot;)</favourite>
	<favourite name="IT - Lazio Style" thumb="https://taptube.net/tv/images/channel_imgs/150918123638lazo.png|User-Agent=Dalvik%2F2.1.0%20%28Linux%3B%20U%3B%20Android%205.1.1%3B%20AFTS%20Build%2FLVY48F%29">PlayMedia(&quot;plugin://script.module.tt/play/794/play.pvr?sf_options=meta%3Dvotes%253D0%2526label%253DIT%252B-%252BLazio%252BStyle%2526title%253DIT%252B-%252BLazio%252BStyle%26winID%3D10001%26_options_sf&quot;)</favourite>
	<favourite name="IT - Mediaset Extra" thumb="https://taptube.net/tv/images/channel_imgs/140618010621extr.jpeg|User-Agent=Dalvik%2F2.1.0%20%28Linux%3B%20U%3B%20Android%205.1.1%3B%20AFTS%20Build%2FLVY48F%29">PlayMedia(&quot;plugin://script.module.tt/play/749/play.pvr?sf_options=meta%3Dvotes%253D0%2526label%253DIT%252B-%252BMediaset%252BExtra%2526title%253DIT%252B-%252BMediaset%252BExtra%26winID%3D10001%26_options_sf&quot;)</favourite>
	<favourite name="IT - Milan tv" thumb="https://taptube.net/tv/images/channel_imgs/220518013021milan.png|User-Agent=Dalvik%2F2.1.0%20%28Linux%3B%20U%3B%20Android%205.1.1%3B%20AFTS%20Build%2FLVY48F%29">PlayMedia(&quot;plugin://script.module.tt/play/729/play.pvr?sf_options=meta%3Dvotes%253D0%2526label%253DIT%252B-%252BMilan%252Btv%2526title%253DIT%252B-%252BMilan%252Btv%26winID%3D10001%26_options_sf&quot;)</favourite>
	<favourite name="IT - Motor Trend" thumb="https://taptube.net/tv/images/channel_imgs/111018013349motor.jpg|User-Agent=Dalvik%2F2.1.0%20%28Linux%3B%20U%3B%20Android%205.1.1%3B%20AFTS%20Build%2FLVY48F%29">PlayMedia(&quot;plugin://script.module.tt/play/814/play.pvr?sf_options=meta%3Dvotes%253D0%2526label%253DIT%252B-%252BMotor%252BTrend%2526title%253DIT%252B-%252BMotor%252BTrend%26winID%3D10001%26_options_sf&quot;)</favourite>
	<favourite name="IT - Rai sport+" thumb="https://taptube.net/tv/images/channel_imgs/150918124031rai.png|User-Agent=Dalvik%2F2.1.0%20%28Linux%3B%20U%3B%20Android%205.1.1%3B%20AFTS%20Build%2FLVY48F%29">PlayMedia(&quot;plugin://script.module.tt/play/796/play.pvr?sf_options=meta%3Dvotes%253D0%2526label%253DIT%252B-%252BRai%252Bsport%25252B%2526title%253DIT%252B-%252BRai%252Bsport%25252B%26winID%3D10001%26_options_sf&quot;)</favourite>
	<favourite name="IT - Roma tv" thumb="https://taptube.net/tv/images/channel_imgs/220518013157romaa.png|User-Agent=Dalvik%2F2.1.0%20%28Linux%3B%20U%3B%20Android%205.1.1%3B%20AFTS%20Build%2FLVY48F%29">PlayMedia(&quot;plugin://script.module.tt/play/730/play.pvr?sf_options=meta%3Dvotes%253D0%2526label%253DIT%252B-%252BRoma%252Btv%2526title%253DIT%252B-%252BRoma%252Btv%26winID%3D10001%26_options_sf&quot;)</favourite>
	<favourite name="IT - Sky calcio 1" thumb="https://taptube.net/tv/images/channel_imgs/080118033154skycal.png|User-Agent=Dalvik%2F2.1.0%20%28Linux%3B%20U%3B%20Android%205.1.1%3B%20AFTS%20Build%2FLVY48F%29">PlayMedia(&quot;plugin://script.module.tt/play/582/play.pvr?sf_options=meta%3Dvotes%253D0%2526label%253DIT%252B-%252BSky%252Bcalcio%252B1%2526title%253DIT%252B-%252BSky%252Bcalcio%252B1%26winID%3D10001%26_options_sf&quot;)</favourite>
	<favourite name="IT - Sky calcio 2" thumb="https://taptube.net/tv/images/channel_imgs/080118033226skycal2.png|User-Agent=Dalvik%2F2.1.0%20%28Linux%3B%20U%3B%20Android%205.1.1%3B%20AFTS%20Build%2FLVY48F%29">PlayMedia(&quot;plugin://script.module.tt/play/583/play.pvr?sf_options=meta%3Dvotes%253D0%2526label%253DIT%252B-%252BSky%252Bcalcio%252B2%2526title%253DIT%252B-%252BSky%252Bcalcio%252B2%26winID%3D10001%26_options_sf&quot;)</favourite>
	<favourite name="IT - Sky calcio 3" thumb="https://taptube.net/tv/images/channel_imgs/140518042927skycalcio3.png|User-Agent=Dalvik%2F2.1.0%20%28Linux%3B%20U%3B%20Android%205.1.1%3B%20AFTS%20Build%2FLVY48F%29">PlayMedia(&quot;plugin://script.module.tt/play/706/play.pvr?sf_options=meta%3Dvotes%253D0%2526label%253DIT%252B-%252BSky%252Bcalcio%252B3%2526title%253DIT%252B-%252BSky%252Bcalcio%252B3%26winID%3D10001%26_options_sf&quot;)</favourite>
	<favourite name="IT - Sky calcio 4" thumb="https://taptube.net/tv/images/channel_imgs/140518043403calcio4.png|User-Agent=Dalvik%2F2.1.0%20%28Linux%3B%20U%3B%20Android%205.1.1%3B%20AFTS%20Build%2FLVY48F%29">PlayMedia(&quot;plugin://script.module.tt/play/707/play.pvr?sf_options=meta%3Dvotes%253D0%2526label%253DIT%252B-%252BSky%252Bcalcio%252B4%2526title%253DIT%252B-%252BSky%252Bcalcio%252B4%26winID%3D10001%26_options_sf&quot;)</favourite>
	<favourite name="IT - Sky calcio 5" thumb="https://taptube.net/tv/images/channel_imgs/140518043929calcio5.png|User-Agent=Dalvik%2F2.1.0%20%28Linux%3B%20U%3B%20Android%205.1.1%3B%20AFTS%20Build%2FLVY48F%29">PlayMedia(&quot;plugin://script.module.tt/play/708/play.pvr?sf_options=meta%3Dvotes%253D0%2526label%253DIT%252B-%252BSky%252Bcalcio%252B5%2526title%253DIT%252B-%252BSky%252Bcalcio%252B5%26winID%3D10001%26_options_sf&quot;)</favourite>
	<favourite name="IT - Sky calcio 6" thumb="https://taptube.net/tv/images/channel_imgs/140518044019calcio6.png|User-Agent=Dalvik%2F2.1.0%20%28Linux%3B%20U%3B%20Android%205.1.1%3B%20AFTS%20Build%2FLVY48F%29">PlayMedia(&quot;plugin://script.module.tt/play/709/play.pvr?sf_options=meta%3Dvotes%253D0%2526label%253DIT%252B-%252BSky%252Bcalcio%252B6%2526title%253DIT%252B-%252BSky%252Bcalcio%252B6%26winID%3D10001%26_options_sf&quot;)</favourite>
	<favourite name="IT - Sky sport Arena" thumb="https://taptube.net/tv/images/channel_imgs/190718073708arenaa.jpeg|User-Agent=Dalvik%2F2.1.0%20%28Linux%3B%20U%3B%20Android%205.1.1%3B%20AFTS%20Build%2FLVY48F%29">PlayMedia(&quot;plugin://script.module.tt/play/579/play.pvr?sf_options=meta%3Dvotes%253D0%2526label%253DIT%252B-%252BSky%252Bsport%252BArena%2526title%253DIT%252B-%252BSky%252Bsport%252BArena%26winID%3D10001%26_options_sf&quot;)</favourite>
	<favourite name="IT - Sky sport F1 IT" thumb="https://taptube.net/tv/images/channel_imgs/080118032714sf1.jpeg|User-Agent=Dalvik%2F2.1.0%20%28Linux%3B%20U%3B%20Android%205.1.1%3B%20AFTS%20Build%2FLVY48F%29">PlayMedia(&quot;plugin://script.module.tt/play/581/play.pvr?sf_options=meta%3Dvotes%253D0%2526label%253DIT%252B-%252BSky%252Bsport%252BF1%252BIT%2526title%253DIT%252B-%252BSky%252Bsport%252BF1%252BIT%26winID%3D10001%26_options_sf&quot;)</favourite>
	<favourite name="IT - Sky Sport Football" thumb="https://taptube.net/tv/images/channel_imgs/190718075156foot.jpeg|User-Agent=Dalvik%2F2.1.0%20%28Linux%3B%20U%3B%20Android%205.1.1%3B%20AFTS%20Build%2FLVY48F%29">PlayMedia(&quot;plugin://script.module.tt/play/580/play.pvr?sf_options=meta%3Dvotes%253D0%2526label%253DIT%252B-%252BSky%252BSport%252BFootball%2526title%253DIT%252B-%252BSky%252BSport%252BFootball%26winID%3D10001%26_options_sf&quot;)</favourite>
	<favourite name="IT - Sky Sport Motogp" thumb="https://taptube.net/tv/images/channel_imgs/240218012258mtt.jpeg|User-Agent=Dalvik%2F2.1.0%20%28Linux%3B%20U%3B%20Android%205.1.1%3B%20AFTS%20Build%2FLVY48F%29">PlayMedia(&quot;plugin://script.module.tt/play/668/play.pvr?sf_options=meta%3Dvotes%253D0%2526label%253DIT%252B-%252BSky%252BSport%252BMotogp%2526title%253DIT%252B-%252BSky%252BSport%252BMotogp%26winID%3D10001%26_options_sf&quot;)</favourite>
	<favourite name="IT - Sky Sport NBA" thumb="https://taptube.net/tv/images/channel_imgs/130818011304nba.png|User-Agent=Dalvik%2F2.1.0%20%28Linux%3B%20U%3B%20Android%205.1.1%3B%20AFTS%20Build%2FLVY48F%29">PlayMedia(&quot;plugin://script.module.tt/play/704/play.pvr?sf_options=meta%3Dvotes%253D0%2526label%253DIT%252B-%252BSky%252BSport%252BNBA%2526title%253DIT%252B-%252BSky%252BSport%252BNBA%26winID%3D10001%26_options_sf&quot;)</favourite>
	<favourite name="IT - Sky Sport Serie A" thumb="https://taptube.net/tv/images/channel_imgs/190718075031serie.png|User-Agent=Dalvik%2F2.1.0%20%28Linux%3B%20U%3B%20Android%205.1.1%3B%20AFTS%20Build%2FLVY48F%29">PlayMedia(&quot;plugin://script.module.tt/play/705/play.pvr?sf_options=meta%3Dvotes%253D0%2526label%253DIT%252B-%252BSky%252BSport%252BSerie%252BA%2526title%253DIT%252B-%252BSky%252BSport%252BSerie%252BA%26winID%3D10001%26_options_sf&quot;)</favourite>
	<favourite name="IT - Sky sport Uno" thumb="https://taptube.net/tv/images/channel_imgs/190718073552uno.png|User-Agent=Dalvik%2F2.1.0%20%28Linux%3B%20U%3B%20Android%205.1.1%3B%20AFTS%20Build%2FLVY48F%29">PlayMedia(&quot;plugin://script.module.tt/play/578/play.pvr?sf_options=meta%3Dvotes%253D0%2526label%253DIT%252B-%252BSky%252Bsport%252BUno%2526title%253DIT%252B-%252BSky%252Bsport%252BUno%26winID%3D10001%26_options_sf&quot;)</favourite>
	<favourite name="IT - Sky sport24" thumb="https://taptube.net/tv/images/channel_imgs/250118033928sky24.png|User-Agent=Dalvik%2F2.1.0%20%28Linux%3B%20U%3B%20Android%205.1.1%3B%20AFTS%20Build%2FLVY48F%29">PlayMedia(&quot;plugin://script.module.tt/play/629/play.pvr?sf_options=meta%3Dvotes%253D0%2526label%253DIT%252B-%252BSky%252Bsport24%2526title%253DIT%252B-%252BSky%252Bsport24%26winID%3D10001%26_options_sf&quot;)</favourite>
	<favourite name="IT - Sport italia" thumb="https://taptube.net/tv/images/channel_imgs/131217014025sportit.jpg|User-Agent=Dalvik%2F2.1.0%20%28Linux%3B%20U%3B%20Android%205.1.1%3B%20AFTS%20Build%2FLVY48F%29">PlayMedia(&quot;plugin://script.module.tt/play/450/play.pvr?sf_options=meta%3Dvotes%253D0%2526label%253DIT%252B-%252BSport%252Bitalia%2526title%253DIT%252B-%252BSport%252Bitalia%26winID%3D10001%26_options_sf&quot;)</favourite>
	<favourite name="IT - Super tennis" thumb="https://taptube.net/tv/images/channel_imgs/250918041732tenn.png|User-Agent=Dalvik%2F2.1.0%20%28Linux%3B%20U%3B%20Android%205.1.1%3B%20AFTS%20Build%2FLVY48F%29">PlayMedia(&quot;plugin://script.module.tt/play/799/play.pvr?sf_options=meta%3Dvotes%253D0%2526label%253DIT%252B-%252BSuper%252Btennis%2526title%253DIT%252B-%252BSuper%252Btennis%26winID%3D10001%26_options_sf&quot;)</favourite>
	<favourite name="IT - Torino Channel" thumb="https://taptube.net/tv/images/channel_imgs/190718090249tor.jpeg|User-Agent=Dalvik%2F2.1.0%20%28Linux%3B%20U%3B%20Android%205.1.1%3B%20AFTS%20Build%2FLVY48F%29">PlayMedia(&quot;plugin://script.module.tt/play/756/play.pvr?sf_options=meta%3Dvotes%253D0%2526label%253DIT%252B-%252BTorino%252BChannel%2526title%253DIT%252B-%252BTorino%252BChannel%26winID%3D10001%26_options_sf&quot;)</favourite>
	<favourite name="AR - Bein Sports 1" thumb="https://taptube.net/tv/images/channel_imgs/250118041629beinsp1.png|User-Agent=Dalvik%2F2.1.0%20%28Linux%3B%20U%3B%20Android%205.1.1%3B%20AFTS%20Build%2FLVY48F%29">PlayMedia(&quot;plugin://script.module.tt/play/48/play.pvr?sf_options=meta%3Dvotes%253D0%2526label%253DAR%252B-%252BBein%252BSports%252B1%2526title%253DAR%252B-%252BBein%252BSports%252B1%26winID%3D10001%26_options_sf&quot;)</favourite>
	<favourite name="AR - Bein Sports 2" thumb="https://taptube.net/tv/images/channel_imgs/250118041650bein2.jpg|User-Agent=Dalvik%2F2.1.0%20%28Linux%3B%20U%3B%20Android%205.1.1%3B%20AFTS%20Build%2FLVY48F%29">PlayMedia(&quot;plugin://script.module.tt/play/270/play.pvr?sf_options=meta%3Dvotes%253D0%2526label%253DAR%252B-%252BBein%252BSports%252B2%2526title%253DAR%252B-%252BBein%252BSports%252B2%26winID%3D10001%26_options_sf&quot;)</favourite>
	<favourite name="AR - Bein Sports 3" thumb="https://taptube.net/tv/images/channel_imgs/130216035348bein3.jpg|User-Agent=Dalvik%2F2.1.0%20%28Linux%3B%20U%3B%20Android%205.1.1%3B%20AFTS%20Build%2FLVY48F%29">PlayMedia(&quot;plugin://script.module.tt/play/271/play.pvr?sf_options=meta%3Dvotes%253D0%2526label%253DAR%252B-%252BBein%252BSports%252B3%2526title%253DAR%252B-%252BBein%252BSports%252B3%26winID%3D10001%26_options_sf&quot;)</favourite>
	<favourite name="AR - Bein Sports 4" thumb="https://taptube.net/tv/images/channel_imgs/130216035427bein4.jpg|User-Agent=Dalvik%2F2.1.0%20%28Linux%3B%20U%3B%20Android%205.1.1%3B%20AFTS%20Build%2FLVY48F%29">PlayMedia(&quot;plugin://script.module.tt/play/272/play.pvr?sf_options=meta%3Dvotes%253D0%2526label%253DAR%252B-%252BBein%252BSports%252B4%2526title%253DAR%252B-%252BBein%252BSports%252B4%26winID%3D10001%26_options_sf&quot;)</favourite>
	<favourite name="AR - Bein Sports 5" thumb="https://taptube.net/tv/images/channel_imgs/130216035528bein5.jpg|User-Agent=Dalvik%2F2.1.0%20%28Linux%3B%20U%3B%20Android%205.1.1%3B%20AFTS%20Build%2FLVY48F%29">PlayMedia(&quot;plugin://script.module.tt/play/273/play.pvr?sf_options=meta%3Dvotes%253D0%2526label%253DAR%252B-%252BBein%252BSports%252B5%2526title%253DAR%252B-%252BBein%252BSports%252B5%26winID%3D10001%26_options_sf&quot;)</favourite>
	<favourite name="AR - Bein Sports 6" thumb="https://taptube.net/tv/images/channel_imgs/130216035739bein6.jpg|User-Agent=Dalvik%2F2.1.0%20%28Linux%3B%20U%3B%20Android%205.1.1%3B%20AFTS%20Build%2FLVY48F%29">PlayMedia(&quot;plugin://script.module.tt/play/274/play.pvr?sf_options=meta%3Dvotes%253D0%2526label%253DAR%252B-%252BBein%252BSports%252B6%2526title%253DAR%252B-%252BBein%252BSports%252B6%26winID%3D10001%26_options_sf&quot;)</favourite>
	<favourite name="AR - Bein Sports 7" thumb="https://taptube.net/tv/images/channel_imgs/130216035811bein7.jpg|User-Agent=Dalvik%2F2.1.0%20%28Linux%3B%20U%3B%20Android%205.1.1%3B%20AFTS%20Build%2FLVY48F%29">PlayMedia(&quot;plugin://script.module.tt/play/275/play.pvr?sf_options=meta%3Dvotes%253D0%2526label%253DAR%252B-%252BBein%252BSports%252B7%2526title%253DAR%252B-%252BBein%252BSports%252B7%26winID%3D10001%26_options_sf&quot;)</favourite>
	<favourite name="AR - Bein Sports 8" thumb="https://taptube.net/tv/images/channel_imgs/130216035917bein8.jpg|User-Agent=Dalvik%2F2.1.0%20%28Linux%3B%20U%3B%20Android%205.1.1%3B%20AFTS%20Build%2FLVY48F%29">PlayMedia(&quot;plugin://script.module.tt/play/276/play.pvr?sf_options=meta%3Dvotes%253D0%2526label%253DAR%252B-%252BBein%252BSports%252B8%2526title%253DAR%252B-%252BBein%252BSports%252B8%26winID%3D10001%26_options_sf&quot;)</favourite>
	<favourite name="AR - Bein Sports 9" thumb="https://taptube.net/tv/images/channel_imgs/130216035950bein9.jpg|User-Agent=Dalvik%2F2.1.0%20%28Linux%3B%20U%3B%20Android%205.1.1%3B%20AFTS%20Build%2FLVY48F%29">PlayMedia(&quot;plugin://script.module.tt/play/277/play.pvr?sf_options=meta%3Dvotes%253D0%2526label%253DAR%252B-%252BBein%252BSports%252B9%2526title%253DAR%252B-%252BBein%252BSports%252B9%26winID%3D10001%26_options_sf&quot;)</favourite>
	<favourite name="AR - Bein Sports 10" thumb="https://taptube.net/tv/images/channel_imgs/030516124810bein10.jpg|User-Agent=Dalvik%2F2.1.0%20%28Linux%3B%20U%3B%20Android%205.1.1%3B%20AFTS%20Build%2FLVY48F%29">PlayMedia(&quot;plugin://script.module.tt/play/278/play.pvr?sf_options=meta%3Dvotes%253D0%2526label%253DAR%252B-%252BBein%252BSports%252B10%2526title%253DAR%252B-%252BBein%252BSports%252B10%26winID%3D10001%26_options_sf&quot;)</favourite>
	<favourite name="AR - Bein Sports 11" thumb="https://taptube.net/tv/images/channel_imgs/160116114955bein11.jpg|User-Agent=Dalvik%2F2.1.0%20%28Linux%3B%20U%3B%20Android%205.1.1%3B%20AFTS%20Build%2FLVY48F%29">PlayMedia(&quot;plugin://script.module.tt/play/50/play.pvr?sf_options=meta%3Dvotes%253D0%2526label%253DAR%252B-%252BBein%252BSports%252B11%2526title%253DAR%252B-%252BBein%252BSports%252B11%26winID%3D10001%26_options_sf&quot;)</favourite>
	<favourite name="AR - Bein Sports 12" thumb="https://taptube.net/tv/images/channel_imgs/150516024032bein12.png|User-Agent=Dalvik%2F2.1.0%20%28Linux%3B%20U%3B%20Android%205.1.1%3B%20AFTS%20Build%2FLVY48F%29">PlayMedia(&quot;plugin://script.module.tt/play/287/play.pvr?sf_options=meta%3Dvotes%253D0%2526label%253DAR%252B-%252BBein%252BSports%252B12%2526title%253DAR%252B-%252BBein%252BSports%252B12%26winID%3D10001%26_options_sf&quot;)</favourite>
	<favourite name="AR - Bein sports news" thumb="https://taptube.net/tv/images/channel_imgs/250518014141bein.png|User-Agent=Dalvik%2F2.1.0%20%28Linux%3B%20U%3B%20Android%205.1.1%3B%20AFTS%20Build%2FLVY48F%29">PlayMedia(&quot;plugin://script.module.tt/play/740/play.pvr?sf_options=meta%3Dvotes%253D0%2526label%253DAR%252B-%252BBein%252Bsports%252Bnews%2526title%253DAR%252B-%252BBein%252Bsports%252Bnews%26winID%3D10001%26_options_sf&quot;)</favourite>
	<favourite name="CA - Sportsnet One" thumb="https://taptube.net/tv/images/channel_imgs/041017012929sn1.jpg|User-Agent=Dalvik%2F2.1.0%20%28Linux%3B%20U%3B%20Android%205.1.1%3B%20AFTS%20Build%2FLVY48F%29">PlayMedia(&quot;plugin://script.module.tt/play/417/play.pvr?sf_options=meta%3Dvotes%253D0%2526label%253DCA%252B-%252BSportsnet%252BOne%2526title%253DCA%252B-%252BSportsnet%252BOne%26winID%3D10001%26_options_sf&quot;)</favourite>
	<favourite name="CA - Sportsnet Ontario" thumb="https://taptube.net/tv/images/channel_imgs/200116042105ont.png|User-Agent=Dalvik%2F2.1.0%20%28Linux%3B%20U%3B%20Android%205.1.1%3B%20AFTS%20Build%2FLVY48F%29">PlayMedia(&quot;plugin://script.module.tt/play/214/play.pvr?sf_options=meta%3Dvotes%253D0%2526label%253DCA%252B-%252BSportsnet%252BOntario%2526title%253DCA%252B-%252BSportsnet%252BOntario%26winID%3D10001%26_options_sf&quot;)</favourite>
	<favourite name="CA - Sportsnet World" thumb="https://taptube.net/tv/images/channel_imgs/200116042130worl.jpg|User-Agent=Dalvik%2F2.1.0%20%28Linux%3B%20U%3B%20Android%205.1.1%3B%20AFTS%20Build%2FLVY48F%29">PlayMedia(&quot;plugin://script.module.tt/play/215/play.pvr?sf_options=meta%3Dvotes%253D0%2526label%253DCA%252B-%252BSportsnet%252BWorld%2526title%253DCA%252B-%252BSportsnet%252BWorld%26winID%3D10001%26_options_sf&quot;)</favourite>
	<favourite name="CA - TSN 1" thumb="https://taptube.net/tv/images/channel_imgs/200116043251tsn1.jpg|User-Agent=Dalvik%2F2.1.0%20%28Linux%3B%20U%3B%20Android%205.1.1%3B%20AFTS%20Build%2FLVY48F%29">PlayMedia(&quot;plugin://script.module.tt/play/233/play.pvr?sf_options=meta%3Dvotes%253D0%2526label%253DCA%252B-%252BTSN%252B1%2526title%253DCA%252B-%252BTSN%252B1%26winID%3D10001%26_options_sf&quot;)</favourite>
	<favourite name="CA - TSN 2" thumb="https://taptube.net/tv/images/channel_imgs/200116043314ts2.png|User-Agent=Dalvik%2F2.1.0%20%28Linux%3B%20U%3B%20Android%205.1.1%3B%20AFTS%20Build%2FLVY48F%29">PlayMedia(&quot;plugin://script.module.tt/play/234/play.pvr?sf_options=meta%3Dvotes%253D0%2526label%253DCA%252B-%252BTSN%252B2%2526title%253DCA%252B-%252BTSN%252B2%26winID%3D10001%26_options_sf&quot;)</favourite>
	<favourite name="CA - TSN 3" thumb="https://taptube.net/tv/images/channel_imgs/200116043351ts3.png|User-Agent=Dalvik%2F2.1.0%20%28Linux%3B%20U%3B%20Android%205.1.1%3B%20AFTS%20Build%2FLVY48F%29">PlayMedia(&quot;plugin://script.module.tt/play/235/play.pvr?sf_options=meta%3Dvotes%253D0%2526label%253DCA%252B-%252BTSN%252B3%2526title%253DCA%252B-%252BTSN%252B3%26winID%3D10001%26_options_sf&quot;)</favourite>
	<favourite name="CA - TSN 4" thumb="https://taptube.net/tv/images/channel_imgs/090917013550tsn4.png|User-Agent=Dalvik%2F2.1.0%20%28Linux%3B%20U%3B%20Android%205.1.1%3B%20AFTS%20Build%2FLVY48F%29">PlayMedia(&quot;plugin://script.module.tt/play/412/play.pvr?sf_options=meta%3Dvotes%253D0%2526label%253DCA%252B-%252BTSN%252B4%2526title%253DCA%252B-%252BTSN%252B4%26winID%3D10001%26_options_sf&quot;)</favourite>
	<favourite name="CA - TSN 5" thumb="https://taptube.net/tv/images/channel_imgs/090917013648tsn5.png|User-Agent=Dalvik%2F2.1.0%20%28Linux%3B%20U%3B%20Android%205.1.1%3B%20AFTS%20Build%2FLVY48F%29">PlayMedia(&quot;plugin://script.module.tt/play/413/play.pvr?sf_options=meta%3Dvotes%253D0%2526label%253DCA%252B-%252BTSN%252B5%2526title%253DCA%252B-%252BTSN%252B5%26winID%3D10001%26_options_sf&quot;)</favourite>
	<favourite name="DE - Dazn1" thumb="https://taptube.net/tv/images/channel_imgs/210818121951dazn.png|User-Agent=Dalvik%2F2.1.0%20%28Linux%3B%20U%3B%20Android%205.1.1%3B%20AFTS%20Build%2FLVY48F%29">PlayMedia(&quot;plugin://script.module.tt/play/777/play.pvr?sf_options=meta%3Dvotes%253D0%2526label%253DDE%252B-%252BDazn1%2526title%253DDE%252B-%252BDazn1%26winID%3D10001%26_options_sf&quot;)</favourite>
	<favourite name="DE - Dazn2" thumb="https://taptube.net/tv/images/channel_imgs/210818122006dazn.png|User-Agent=Dalvik%2F2.1.0%20%28Linux%3B%20U%3B%20Android%205.1.1%3B%20AFTS%20Build%2FLVY48F%29">PlayMedia(&quot;plugin://script.module.tt/play/778/play.pvr?sf_options=meta%3Dvotes%253D0%2526label%253DDE%252B-%252BDazn2%2526title%253DDE%252B-%252BDazn2%26winID%3D10001%26_options_sf&quot;)</favourite>
	<favourite name="DE - Euro Sport" thumb="https://taptube.net/tv/images/channel_imgs/150617081436eurosport.png|User-Agent=Dalvik%2F2.1.0%20%28Linux%3B%20U%3B%20Android%205.1.1%3B%20AFTS%20Build%2FLVY48F%29">PlayMedia(&quot;plugin://script.module.tt/play/385/play.pvr?sf_options=meta%3Dvotes%253D0%2526label%253DDE%252B-%252BEuro%252BSport%2526title%253DDE%252B-%252BEuro%252BSport%26winID%3D10001%26_options_sf&quot;)</favourite>
	<favourite name="DE - Sky Bundesliga 1" thumb="https://taptube.net/tv/images/channel_imgs/12121701510510.png|User-Agent=Dalvik%2F2.1.0%20%28Linux%3B%20U%3B%20Android%205.1.1%3B%20AFTS%20Build%2FLVY48F%29">PlayMedia(&quot;plugin://script.module.tt/play/401/play.pvr?sf_options=meta%3Dvotes%253D0%2526label%253DDE%252B-%252BSky%252BBundesliga%252B1%2526title%253DDE%252B-%252BSky%252BBundesliga%252B1%26winID%3D10001%26_options_sf&quot;)</favourite>
	<favourite name="DE - Sky Bundesliga 2" thumb="https://taptube.net/tv/images/channel_imgs/12121701532322.png|User-Agent=Dalvik%2F2.1.0%20%28Linux%3B%20U%3B%20Android%205.1.1%3B%20AFTS%20Build%2FLVY48F%29">PlayMedia(&quot;plugin://script.module.tt/play/431/play.pvr?sf_options=meta%3Dvotes%253D0%2526label%253DDE%252B-%252BSky%252BBundesliga%252B2%2526title%253DDE%252B-%252BSky%252BBundesliga%252B2%26winID%3D10001%26_options_sf&quot;)</favourite>
	<favourite name="DE - Sky Bundesliga 3" thumb="https://taptube.net/tv/images/channel_imgs/12121701522033.png|User-Agent=Dalvik%2F2.1.0%20%28Linux%3B%20U%3B%20Android%205.1.1%3B%20AFTS%20Build%2FLVY48F%29">PlayMedia(&quot;plugin://script.module.tt/play/432/play.pvr?sf_options=meta%3Dvotes%253D0%2526label%253DDE%252B-%252BSky%252BBundesliga%252B3%2526title%253DDE%252B-%252BSky%252BBundesliga%252B3%26winID%3D10001%26_options_sf&quot;)</favourite>
	<favourite name="DE - Sky Bundesliga 4" thumb="https://taptube.net/tv/images/channel_imgs/12121701545144.png|User-Agent=Dalvik%2F2.1.0%20%28Linux%3B%20U%3B%20Android%205.1.1%3B%20AFTS%20Build%2FLVY48F%29">PlayMedia(&quot;plugin://script.module.tt/play/433/play.pvr?sf_options=meta%3Dvotes%253D0%2526label%253DDE%252B-%252BSky%252BBundesliga%252B4%2526title%253DDE%252B-%252BSky%252BBundesliga%252B4%26winID%3D10001%26_options_sf&quot;)</favourite>
	<favourite name="DE - Sky Bundesliga 5" thumb="https://taptube.net/tv/images/channel_imgs/12121701564455.png|User-Agent=Dalvik%2F2.1.0%20%28Linux%3B%20U%3B%20Android%205.1.1%3B%20AFTS%20Build%2FLVY48F%29">PlayMedia(&quot;plugin://script.module.tt/play/434/play.pvr?sf_options=meta%3Dvotes%253D0%2526label%253DDE%252B-%252BSky%252BBundesliga%252B5%2526title%253DDE%252B-%252BSky%252BBundesliga%252B5%26winID%3D10001%26_options_sf&quot;)</favourite>
	<favourite name="DE - Sky Bundesliga 6" thumb="https://taptube.net/tv/images/channel_imgs/12121701573666.png|User-Agent=Dalvik%2F2.1.0%20%28Linux%3B%20U%3B%20Android%205.1.1%3B%20AFTS%20Build%2FLVY48F%29">PlayMedia(&quot;plugin://script.module.tt/play/435/play.pvr?sf_options=meta%3Dvotes%253D0%2526label%253DDE%252B-%252BSky%252BBundesliga%252B6%2526title%253DDE%252B-%252BSky%252BBundesliga%252B6%26winID%3D10001%26_options_sf&quot;)</favourite>
	<favourite name="DE - Sky Bundesliga 7" thumb="https://taptube.net/tv/images/channel_imgs/12121701583177.png|User-Agent=Dalvik%2F2.1.0%20%28Linux%3B%20U%3B%20Android%205.1.1%3B%20AFTS%20Build%2FLVY48F%29">PlayMedia(&quot;plugin://script.module.tt/play/436/play.pvr?sf_options=meta%3Dvotes%253D0%2526label%253DDE%252B-%252BSky%252BBundesliga%252B7%2526title%253DDE%252B-%252BSky%252BBundesliga%252B7%26winID%3D10001%26_options_sf&quot;)</favourite>
	<favourite name="DE - Sky Bundesliga 8" thumb="https://taptube.net/tv/images/channel_imgs/12121701592288.png|User-Agent=Dalvik%2F2.1.0%20%28Linux%3B%20U%3B%20Android%205.1.1%3B%20AFTS%20Build%2FLVY48F%29">PlayMedia(&quot;plugin://script.module.tt/play/437/play.pvr?sf_options=meta%3Dvotes%253D0%2526label%253DDE%252B-%252BSky%252BBundesliga%252B8%2526title%253DDE%252B-%252BSky%252BBundesliga%252B8%26winID%3D10001%26_options_sf&quot;)</favourite>
	<favourite name="DE - Sky sport 1 DE" thumb="https://taptube.net/tv/images/channel_imgs/150617075308skysporrrr.png|User-Agent=Dalvik%2F2.1.0%20%28Linux%3B%20U%3B%20Android%205.1.1%3B%20AFTS%20Build%2FLVY48F%29">PlayMedia(&quot;plugin://script.module.tt/play/403/play.pvr?sf_options=meta%3Dvotes%253D0%2526label%253DDE%252B-%252BSky%252Bsport%252B1%252BDE%2526title%253DDE%252B-%252BSky%252Bsport%252B1%252BDE%26winID%3D10001%26_options_sf&quot;)</favourite>
	<favourite name="DE - Sport 1" thumb="https://taptube.net/tv/images/channel_imgs/150617075053sport1.png|User-Agent=Dalvik%2F2.1.0%20%28Linux%3B%20U%3B%20Android%205.1.1%3B%20AFTS%20Build%2FLVY48F%29">PlayMedia(&quot;plugin://script.module.tt/play/405/play.pvr?sf_options=meta%3Dvotes%253D0%2526label%253DDE%252B-%252BSport%252B1%2526title%253DDE%252B-%252BSport%252B1%26winID%3D10001%26_options_sf&quot;)</favourite>
	<favourite name="[COLOR coral]Mas Enlaces[/COLOR]" thumb="http://swiftstreamz.com/SwiftPanel/images/7866_download.png|User-Agent=okhttp%2F3.10.0">ActivateWindow(10025,&quot;plugin://script.module.swiftystreemz/list_channels/32?sf_options=meta%3Dlabel%253DSPAIN%252BTV%26_options_sf&quot;,return)</favourite>
</favourites>