<favourites>
	<favourite name="[COLOR gold]CANALES[/COLOR]" thumb="special://home/addons\plugin.program.mantenimientojan18\resources\art\maintenance.png">ActivateWindow(TVChannels)</favourite>
	<favourite name="[COLOR gold]GUIA[/COLOR]" thumb="special://home/addons\plugin.program.mantenimientojan18\resources\art\maintenance.png">ActivateWindow(TVGuide)</favourite>
	<favourite name="[COLOR gold]INSTALAR PVR[/COLOR]" thumb="special://home/addons\plugin.program.mantenimientojan18\resources\art\maintenance.png">XBMC.Runscript(special://home/userdata/pvrinst.py)</favourite>
	<favourite name="[COLOR gold]BUSCAR[/COLOR]" thumb="special://home/addons\plugin.program.mantenimientojan18\resources\art\maintenance.png">ActivateWindow(TVSearch)</favourite>
	<favourite name="[COLOR gold]DESHABILITAR  PVR[/COLOR]" thumb="special://home/addons\plugin.program.mantenimientojan18\resources\art\maintenance.png">XBMC.Runscript(special://home/userdata/pvrdis.py)</favourite>
	<favourite name="[COLOR gold]HABILITAR  PVR[/COLOR]" thumb="special://home/addons\plugin.program.mantenimientojan18\resources\art\maintenance.png">XBMC.Runscript(special://home/userdata/pvren.py)</favourite>
	<favourite name="[COLOR gold]CONFIGURA PORTAL[/COLOR]" thumb="special://home/addons\plugin.program.mantenimientojan18\resources\art\maintenance.png">ActivateWindow(10040,&quot;addons://repository.soportejan/xbmc.pvrclient&quot;,return)</favourite>
	<favourite name="[COLOR gold]ELEGIR GRUPO[/COLOR]" thumb="special://home/addons\plugin.program.mantenimientojan18\resources\art\maintenance.png">ActivateWindow(PVRSettings)</favourite>
</favourites>